{
	"type": "object",
	"def": "EditPrj",
	"jaxId": "1GGJKJ3BS0",
	"attrs": {
		"docDatas": {
			"jaxId": "1GGJKJ3BS1",
			"attrs": {
				"AppData.js": {
					"type": "docfile",
					"def": "DataDoc",
					"jaxId": "1HS4Q7A0V0",
					"path": "data/AppData.js"
				}
			}
		},
		"docAIAgents": {
			"jaxId": "1HC09RMST0",
			"attrs": {
				"guess_game.js": {
					"type": "docfile",
					"def": "DocAIAgent",
					"jaxId": "1HCQBLMCQ0",
					"path": "ai/guess_game.js"
				},
				"chatgpt_x.js": {
					"type": "docfile",
					"def": "DocAIAgent",
					"jaxId": "1HDOQGMUJ0",
					"path": "ai/chatgpt_x.js"
				},
				"translator.js": {
					"type": "docfile",
					"def": "DocAIAgent",
					"jaxId": "1HDP0G4P60",
					"path": "ai/translator.js"
				},
				"helper.js": {
					"type": "docfile",
					"def": "DocAIAgent",
					"jaxId": "1HS3MPUJT0",
					"path": "ai/helper.js"
				},
				"CreatePrj.js": {
					"type": "docfile",
					"def": "DocAIAgent",
					"jaxId": "1HS3MSB070",
					"path": "ai/CreatePrj.js"
				},
				"AAHelp.js": {
					"type": "docfile",
					"def": "DocAIAgent",
					"jaxId": "1HS3OVF3D0",
					"path": "ai/AAHelp.js"
				},
				"CompleteArgs.js": {
					"type": "docfile",
					"def": "DocAIAgent",
					"jaxId": "1I1NMG59H0",
					"path": "ai/CompleteArgs.js"
				},
				"RemoteChat.js": {
					"type": "docfile",
					"def": "DocAIAgent",
					"jaxId": "1ICJD7Q850",
					"path": "ai/RemoteChat.js"
				}
			}
		},
		"docGears": {
			"jaxId": "1GGJKJ3BS2",
			"attrs": {
				"BoxAIChatBlock.js": {
					"type": "docfile",
					"def": "GearHud",
					"jaxId": "1HA0EVOKU0",
					"path": "ui/BoxAIChatBlock.js"
				},
				"BoxAskUser.js": {
					"type": "docfile",
					"def": "GearHud",
					"jaxId": "1HA934NIR0",
					"path": "ui/BoxAskUser.js"
				},
				"BoxCodeSeg.js": {
					"type": "docfile",
					"def": "GearHud",
					"jaxId": "1HABRJ9190",
					"path": "ui/BoxCodeSeg.js"
				},
				"BoxGoNext.js": {
					"type": "docfile",
					"def": "GearHud",
					"jaxId": "1HANQVJRS0",
					"path": "ui/BoxGoNext.js"
				},
				"BoxAction.js": {
					"type": "docfile",
					"def": "GearBox",
					"jaxId": "1HAMT6Q0C0",
					"path": "ui/BoxAction.js"
				},
				"BoxBreakPoint.js": {
					"type": "docfile",
					"def": "GearBox",
					"jaxId": "1HAR1PMOV0",
					"path": "ui/BoxBreakPoint.js"
				},
				"BoxGPTCheat.js": {
					"type": "docfile",
					"def": "GearBox",
					"jaxId": "1HAR9RM9T0",
					"path": "ui/BoxGPTCheat.js"
				},
				"BoxChatBubble.js": {
					"type": "docfile",
					"def": "GearHud",
					"jaxId": "1HAV6GN710",
					"path": "ui/BoxChatBubble.js"
				},
				"BoxCatalog.js": {
					"type": "docfile",
					"def": "GearHud",
					"jaxId": "1HB5OTI560",
					"path": "ui/BoxCatalog.js"
				},
				"BoxAISegOutlet.js": {
					"type": "docfile",
					"def": "GearButton",
					"jaxId": "1HBM957PK0",
					"path": "ui/BoxAISegOutlet.js"
				},
				"BoxAISeg.js": {
					"type": "docfile",
					"def": "GearBox",
					"jaxId": "1HBM868OM0",
					"path": "ui/BoxAISeg.js"
				},
				"BoxTokenGas.js": {
					"type": "docfile",
					"def": "GearBox",
					"jaxId": "1HHA5TKVC0",
					"path": "ui/BoxTokenGas.js"
				}
			}
		},
		"docViews": {
			"jaxId": "1GGJKJ3BS3",
			"attrs": {
				"BoxAIChat.js": {
					"type": "docfile",
					"def": "GearHud",
					"jaxId": "1HA0EN6720",
					"path": "ui/BoxAIChat.js"
				},
				"DlgAIChat.js": {
					"type": "docfile",
					"def": "GearHud",
					"jaxId": "1HA4CQ2RT0",
					"path": "ui/DlgAIChat.js"
				},
				"UIChat.js": {
					"type": "docfile",
					"def": "GearHud",
					"jaxId": "1HAMRK4MB0",
					"path": "ui/UIChat.js"
				},
				"MainUI.js": {
					"type": "docfile",
					"def": "UIView",
					"jaxId": "1GGJKM84D0",
					"path": "ui/MainUI.js"
				},
				"UIPath.js": {
					"type": "docfile",
					"def": "GearHud",
					"jaxId": "1HAMSORTA0",
					"path": "ui/UIPath.js"
				},
				"UIDebug.js": {
					"type": "docfile",
					"def": "GearHud",
					"jaxId": "1HAN890200",
					"path": "ui/UIDebug.js"
				},
				"DlgAIWork.js": {
					"type": "docfile",
					"def": "GearHud",
					"jaxId": "1HAT6MSEI0",
					"path": "ui/DlgAIWork.js"
				},
				"DlgAddShortCut.js": {
					"type": "docfile",
					"def": "GearHud",
					"jaxId": "1HB4TT0MM0",
					"path": "ui/DlgAddShortCut.js"
				},
				"DlgAIChatHome.js": {
					"type": "docfile",
					"def": "GearHud",
					"jaxId": "1HB7QO7FS0",
					"path": "ui/DlgAIChatHome.js"
				}
			}
		}
	},
	"externGearLibs": [
		"/@StdUI"
	],
	"preloadFiles": [
		"minidoc.css"
	]
}