{
	"type": "object",
	"def": "EditPrj",
	"jaxId": "1GGJKJ3BS0",
	"editVersion": 20,
	"attrs": {
		"docDatas": {
			"type": "object",
			"def": "DocsObj",
			"jaxId": "1GGJKJ3BS1",
			"editVersion": 6,
			"attrs": {}
		},
		"docAIAgents": {
			"type": "object",
			"def": "DocsObj",
			"jaxId": "1HC09RMST0",
			"editVersion": 18,
			"attrs": {
				"guess_game.js": {
					"type": "docfile",
					"def": "DocAIAgent",
					"jaxId": "1HCQBLMCQ0",
					"editVersion": 28,
					"path": "ai/guess_game.js"
				},
				"chatgpt_x.js": {
					"type": "docfile",
					"def": "DocAIAgent",
					"jaxId": "1HDOQGMUJ0",
					"editVersion": 32,
					"path": "ai/chatgpt_x.js"
				},
				"translator.js": {
					"type": "docfile",
					"def": "DocAIAgent",
					"jaxId": "1HDP0G4P60",
					"editVersion": 24,
					"path": "ai/translator.js"
				}
			}
		},
		"docGears": {
			"type": "object",
			"def": "DocsObj",
			"jaxId": "1GGJKJ3BS2",
			"editVersion": 30,
			"attrs": {
				"BoxAIChatBlock.js": {
					"type": "docfile",
					"def": "GearHud",
					"jaxId": "1HA0EVOKU0",
					"editVersion": 102,
					"path": "ui/BoxAIChatBlock.js"
				},
				"BoxAskUser.js": {
					"type": "docfile",
					"def": "GearHud",
					"jaxId": "1HA934NIR0",
					"editVersion": 121,
					"path": "ui/BoxAskUser.js"
				},
				"BoxCodeSeg.js": {
					"type": "docfile",
					"def": "GearHud",
					"jaxId": "1HABRJ9190",
					"editVersion": 62,
					"path": "ui/BoxCodeSeg.js"
				},
				"BoxGoNext.js": {
					"type": "docfile",
					"def": "GearHud",
					"jaxId": "1HANQVJRS0",
					"editVersion": 66,
					"path": "ui/BoxGoNext.js"
				},
				"BoxAction.js": {
					"type": "docfile",
					"def": "GearBox",
					"jaxId": "1HAMT6Q0C0",
					"editVersion": 70,
					"path": "ui/BoxAction.js"
				},
				"BoxBreakPoint.js": {
					"type": "docfile",
					"def": "GearBox",
					"jaxId": "1HAR1PMOV0",
					"editVersion": 62,
					"path": "ui/BoxBreakPoint.js"
				},
				"BoxGPTCheat.js": {
					"type": "docfile",
					"def": "GearBox",
					"jaxId": "1HAR9RM9T0",
					"editVersion": 64,
					"path": "ui/BoxGPTCheat.js"
				},
				"BoxChatBubble.js": {
					"type": "docfile",
					"def": "GearHud",
					"jaxId": "1HAV6GN710",
					"editVersion": 119,
					"path": "ui/BoxChatBubble.js"
				},
				"BoxCatalog.js": {
					"type": "docfile",
					"def": "GearHud",
					"jaxId": "1HB5OTI560",
					"editVersion": 55,
					"path": "ui/BoxCatalog.js"
				},
				"BoxAISegOutlet.js": {
					"type": "docfile",
					"def": "GearButton",
					"jaxId": "1HBM957PK0",
					"editVersion": 56,
					"path": "ui/BoxAISegOutlet.js"
				},
				"BoxAISeg.js": {
					"type": "docfile",
					"def": "GearBox",
					"jaxId": "1HBM868OM0",
					"editVersion": 50,
					"path": "ui/BoxAISeg.js"
				}
			}
		},
		"docViews": {
			"type": "object",
			"def": "DocsObj",
			"jaxId": "1GGJKJ3BS3",
			"editVersion": 24,
			"attrs": {
				"BoxAIChat.js": {
					"type": "docfile",
					"def": "GearHud",
					"jaxId": "1HA0EN6720",
					"editVersion": 72,
					"path": "ui/BoxAIChat.js"
				},
				"DlgAIChat.js": {
					"type": "docfile",
					"def": "GearHud",
					"jaxId": "1HA4CQ2RT0",
					"editVersion": 50,
					"path": "ui/DlgAIChat.js"
				},
				"UIChat.js": {
					"type": "docfile",
					"def": "GearHud",
					"jaxId": "1HAMRK4MB0",
					"editVersion": 309,
					"path": "ui/UIChat.js"
				},
				"MainUI.js": {
					"type": "docfile",
					"def": "UIView",
					"jaxId": "1GGJKM84D0",
					"editVersion": 79,
					"path": "ui/MainUI.js"
				},
				"UIPath.js": {
					"type": "docfile",
					"def": "GearHud",
					"jaxId": "1HAMSORTA0",
					"editVersion": 137,
					"path": "ui/UIPath.js"
				},
				"UIDebug.js": {
					"type": "docfile",
					"def": "GearHud",
					"jaxId": "1HAN890200",
					"editVersion": 58,
					"path": "ui/UIDebug.js"
				},
				"DlgAIWork.js": {
					"type": "docfile",
					"def": "GearHud",
					"jaxId": "1HAT6MSEI0",
					"editVersion": 56,
					"path": "ui/DlgAIWork.js"
				},
				"DlgAddShortCut.js": {
					"type": "docfile",
					"def": "GearHud",
					"jaxId": "1HB4TT0MM0",
					"editVersion": 138,
					"path": "ui/DlgAddShortCut.js"
				},
				"DlgAIChatHome.js": {
					"type": "docfile",
					"def": "GearHud",
					"jaxId": "1HB7QO7FS0",
					"editVersion": 150,
					"path": "ui/DlgAIChatHome.js"
				}
			}
		}
	},
	"externGearLibs": [
		"/@StdUI"
	],
	"preloadFiles": []
}