{
	"imports": {},
	"cloudId": "aichat@avdpro@me.com",
	"versionIdx": 151,
	"version": "0.0.5",
	"name": "aichat",
	"main": "app.html",
	"lib": {},
	"bin": {},
	"libExport": [
		{
			"name": "aichat",
			"main": "app.html",
			"path": ""
		}
	],
	"toolExport": [
		{
			"type": "Agent",
			"filePath": "./ai/CaChat_GPT_41.js",
			"package": "aichat"
		},
		{
			"type": "Agent",
			"filePath": "./ai/CaChat_GPT_5.js",
			"package": "aichat"
		},
		{
			"type": "Agent",
			"filePath": "./ai/CaChat_GPT_5_Mini.js",
			"package": "aichat"
		}
	]
}