{
	"version": "1.0.0",
	"libs": [
		"/@StdUI"
	],
	"preloads": [
		"/@StdUI/minidoc.css",
		"minidoc.css"
	],
	"fonts": null,
	"datas": {},
	"views": {},
	"gears": {
		"BoxGoNext": {
			"name": "BoxGoNext",
			"path": "ui/BoxGoNext.js",
			"icon": "gears.svg",
			"showName": "BoxGoNext",
			"catalog": ""
		},
		"BoxChatBubble": {
			"name": "BoxChatBubble",
			"path": "ui/BoxChatBubble.js",
			"icon": "gears.svg",
			"showName": "BoxChatBubble",
			"catalog": ""
		},
		"BoxAISegOutlet": {
			"name": "BoxAISegOutlet",
			"path": "ui/BoxAISegOutlet.js",
			"icon": "gears.svg",
			"showName": "BoxAISegOutlet",
			"catalog": ""
		},
		"BoxTokenGas": {
			"name": "BoxTokenGas",
			"path": "ui/BoxTokenGas.js",
			"icon": "gears.svg",
			"showName": "Chat Header",
			"catalog": "Views"
		},
		"BoxAIChat": {
			"name": "BoxAIChat",
			"path": "ui/BoxAIChat.js",
			"icon": "gears.svg",
			"showName": "AIChatBox",
			"catalog": "Views"
		},
		"UIChat": {
			"name": "UIChat",
			"path": "ui/UIChat.js",
			"icon": "gears.svg",
			"showName": "UIChat",
			"catalog": "Views"
		},
		"UIPath": {
			"name": "UIPath",
			"path": "ui/UIPath.js",
			"icon": "gears.svg",
			"showName": "UIPath",
			"catalog": "Views"
		},
		"DlgAddShortCut": {
			"name": "DlgAddShortCut",
			"path": "ui/DlgAddShortCut.js",
			"icon": "gears.svg",
			"showName": "标准对话框",
			"catalog": ""
		}
	},
	"gearIndexes": {
		"Gear1HA0EVOKU0": {
			"path": "ui/BoxAIChatBlock.js"
		},
		"Gear1HA934NIR0": {
			"path": "ui/BoxAskUser.js",
			"expose": true
		},
		"Gear1HABRJ9190": {
			"path": "ui/BoxCodeSeg.js",
			"expose": false
		},
		"Gear1HANQVJRS0": {
			"path": "ui/BoxGoNext.js",
			"expose": false
		},
		"Gear1HAMT6Q0C0": {
			"path": "ui/BoxAction.js",
			"expose": false
		},
		"Gear1HAR1PMOV0": {
			"path": "ui/BoxBreakPoint.js",
			"expose": false
		},
		"Gear1HAR9RM9T0": {
			"path": "ui/BoxGPTCheat.js",
			"expose": true
		},
		"Gear1HAV6GN710": {
			"path": "ui/BoxChatBubble.js",
			"expose": true
		},
		"Gear1HB5OTI560": {
			"path": "ui/BoxCatalog.js",
			"expose": false
		},
		"Gear1HBM957PK0": {
			"path": "ui/BoxAISegOutlet.js",
			"expose": false
		},
		"Gear1HBM868OM0": {
			"path": "ui/BoxAISeg.js",
			"expose": false
		},
		"Gear1HHA5TKVC0": {
			"path": "ui/BoxTokenGas.js",
			"expose": false
		},
		"Gear1HA0EN6720": {
			"path": "ui/BoxAIChat.js",
			"expose": true
		},
		"Gear1HA4CQ2RT0": {
			"path": "ui/DlgAIChat.js",
			"expose": true
		},
		"Gear1HAMRK4MB0": {
			"path": "ui/UIChat.js",
			"expose": true
		},
		"Gear1GGJKM84D0": {
			"path": "ui/MainUI.js",
			"expose": true
		},
		"Gear1HAMSORTA0": {
			"path": "ui/UIPath.js",
			"expose": false
		},
		"Gear1HAN890200": {
			"path": "ui/UIDebug.js",
			"expose": false
		},
		"Gear1HAT6MSEI0": {
			"path": "ui/DlgAIWork.js",
			"expose": false
		},
		"Gear1HB4TT0MM0": {
			"path": "ui/DlgAddShortCut.js",
			"expose": true
		},
		"Gear1HB7QO7FS0": {
			"path": "ui/DlgAIChatHome.js",
			"expose": true
		}
	},
	"templates": {
		"ui/BoxAIChatBlock.js": {
			"template": true,
			"name": "Template1HA0EVOKU0",
			"showName": "BoxAIChatBlock",
			"path": "ui/BoxAIChatBlock.js",
			"description": "",
			"icon": "gears.svg",
			"catalog": "GearTemplates"
		},
		"ui/BoxBreakPoint.js": {
			"template": true,
			"name": "Template1HAR1PMOV0",
			"showName": "BoxBreakPoint",
			"path": "ui/BoxBreakPoint.js",
			"description": "",
			"icon": "gears.svg",
			"catalog": "GearTemplates"
		},
		"ui/BoxGPTCheat.js": {
			"template": true,
			"name": "Template1HAR9RM9T0",
			"showName": "BoxGPTCheat",
			"path": "ui/BoxGPTCheat.js",
			"description": "",
			"icon": "gears.svg",
			"catalog": "GearTemplates"
		},
		"ui/BoxTokenGas.js": {
			"template": true,
			"name": "Template1HHA5TKVC0",
			"showName": "Chat Header",
			"path": "ui/BoxTokenGas.js",
			"description": "",
			"icon": "gears.svg",
			"catalog": "GearTemplates"
		},
		"ui/BoxAIChat.js": {
			"template": true,
			"name": "Template1HA0EN6720",
			"showName": "AIChatBox",
			"path": "ui/BoxAIChat.js",
			"description": "",
			"icon": "gears.svg",
			"catalog": "ViewTemplates"
		},
		"ui/DlgAIChat.js": {
			"template": true,
			"name": "Template1HA4CQ2RT0",
			"showName": "DlgAIChat",
			"path": "ui/DlgAIChat.js",
			"description": "",
			"icon": "gears.svg",
			"catalog": "ViewTemplates"
		},
		"ui/UIChat.js": {
			"template": true,
			"name": "Template1HAMRK4MB0",
			"showName": "UIChat",
			"path": "ui/UIChat.js",
			"description": "",
			"icon": "gears.svg",
			"catalog": "ViewTemplates"
		},
		"ui/DlgAIWork.js": {
			"template": true,
			"name": "Template1HAT6MSEI0",
			"showName": "DlgAIWork",
			"path": "ui/DlgAIWork.js",
			"description": "",
			"icon": "gears.svg",
			"catalog": "ViewTemplates"
		},
		"ui/DlgAddShortCut.js": {
			"template": true,
			"name": "Template1HB4TT0MM0",
			"showName": "Standard Dialog",
			"path": "ui/DlgAddShortCut.js",
			"description": "",
			"icon": "gears.svg",
			"catalog": "ViewTemplates"
		}
	}
}