{
	"version": 1,
	"shortcuts": [
		{
			"name": "AI2Apps Helper",
			"icon": "/~/-tabos/shared/assets/aalogo.svg",
			"source": "/@aichat/ai/helper.js",
			"catalog": "code",
			"style": "pro"
		},
		{
			"name": "Gen. ChatGPT API",
			"icon": "/~/-tabos/shared/assets/aichat.svg",
			"source": "/@aichat/ai/apidescriptor.aichat",
			"catalog": "code",
			"style": "pro"
		},
		{
			"name": "ChatGPT 3.5",
			"icon": "/@aichat/assets/openai.svg",
			"source": "/@aichat/ai/gpt35.aichat",
			"catalog": "tools",
			"style": "pro"
		},
		{
			"name": "ChatGPT 4",
			"icon": "/@aichat/assets/openai.svg",
			"source": "/@aichat/ai/gpt4.aichat",
			"catalog": "tools",
			"style": "pro"
		},
		{
			"name": "Translator",
			"icon": "/~/-tabos/shared/assets/aichat.svg",
			"source": "/@aichat/ai/translate.aichat",
			"catalog": "tools",
			"style": "mini"
		},
		{
			"name": "Guess Game",
			"icon": "/~/-tabos/shared/assets/help.svg",
			"source": "/@aichat/ai/guessobj.aichat",
			"catalog": "relax",
			"style": "chat"
		},
		{
			"name": "Guess Game Agent",
			"icon": "/~/-tabos/shared/assets/aichat.svg",
			"source": "/~/-aichat/ai/guess_game.js",
			"catalog": "relax",
			"style": "chat"
		}
	]
}