{
	"edit": {
		"indent": 4
	},
	"run": [
		{
			"profileName": "Debug",
			"profileIcon": "/~/-tabos/shared/assets/lab.svg",
			"arg": {
				"file_x": "ai/guess_game.js"
			},
			"main": "debug.html",
			"icon": "app.svg",
			"mode": "FrameApp",
			"width": 1000,
			"height": 800
		},
		{
			"profileName": "Home",
			"profileIcon": "/~/-tabos/shared/assets/home.svg",
			"main": "home.html",
			"icon": "app.svg",
			"mode": "FrameApp",
			"width": 720,
			"height": 560
		},
		{
			"profileName": "Run as Mobile",
			"profileIcon": "/~/-tabos/shared/assets/phone.svg",
			"main": "app.html",
			"icon": "app.svg",
			"mode": "FrameApp",
			"width": 375,
			"height": 750
		},
		{
			"profileName": "Run as Desktop",
			"profileIcon": "/~/-tabos/shared/assets/desktop.svg",
			"main": "app.html",
			"icon": "app.svg",
			"mode": "FrameApp",
			"width": 900,
			"height": 600
		}
	],
	"addOns": [
		"/editkit_dev/EditAddOn.js",
		"/editkit_dev/EditAIAddOn.js"
	]
}