{
	"type": "object",
	"def": "EditPrj",
	"jaxId": "1G9QH48K10",
	"editVersion": 11,
	"attrs": {
		"docDatas": {
			"type": "object",
			"def": "DocsObj",
			"jaxId": "1G9QH48K11",
			"editVersion": 0,
			"attrs": {}
		},
		"docGears": {
			"type": "object",
			"def": "DocsObj",
			"jaxId": "1G9QH48K12",
			"editVersion": 54,
			"attrs": {
				"NaviObjLine.js": {
					"type": "docfile",
					"def": "GearButton",
					"jaxId": "1GA554IAH0",
					"editVersion": 22,
					"path": "ui/NaviObjLine.js"
				},
				"NaviTreeBox.js": {
					"type": "docfile",
					"def": "GearTreeBox",
					"jaxId": "1GA54HEQE0",
					"editVersion": 24,
					"path": "ui/NaviTreeBox.js"
				},
				"TBXNaviPrj.js": {
					"type": "docfile",
					"def": "GearHud",
					"jaxId": "1GA5T3G490",
					"editVersion": 22,
					"path": "ui/TBXNaviPrj.js"
				},
				"TBXNaviDoc.js": {
					"type": "docfile",
					"def": "GearHud",
					"jaxId": "1GA757RST0",
					"editVersion": 22,
					"path": "ui/TBXNaviDoc.js"
				},
				"EditAttrObjBtn.js": {
					"type": "docfile",
					"def": "GearButton",
					"jaxId": "1GA8H0C960",
					"editVersion": 23,
					"path": "ui/EditAttrObjBtn.js"
				},
				"EALObj.js": {
					"type": "docfile",
					"def": "GearBox",
					"jaxId": "1GA8IFI6J0",
					"editVersion": 22,
					"path": "ui/EALObj.js"
				},
				"EALGroupBtn.js": {
					"type": "docfile",
					"def": "GearButton",
					"jaxId": "1GA8M7VKF0",
					"editVersion": 25,
					"path": "ui/EALGroupBtn.js"
				},
				"EALGroup.js": {
					"type": "docfile",
					"def": "GearBox",
					"jaxId": "1GA8M784R0",
					"editVersion": 22,
					"path": "ui/EALGroup.js"
				},
				"EALStdAttr.js": {
					"type": "docfile",
					"def": "GearButton",
					"jaxId": "1GA9NBELT0",
					"editVersion": 22,
					"path": "ui/EALStdAttr.js"
				},
				"EALEmptyAttr.js": {
					"type": "docfile",
					"def": "GearButton",
					"jaxId": "1GA9PN5S10",
					"editVersion": 22,
					"path": "ui/EALEmptyAttr.js"
				},
				"EALMetaMenu.js": {
					"type": "docfile",
					"def": "GearHud",
					"jaxId": "1GA9UHEBU0",
					"editVersion": 23,
					"path": "ui/EALMetaMenu.js"
				},
				"EALBoolAttr.js": {
					"type": "docfile",
					"def": "GearButton",
					"jaxId": "1GAHCAV6C0",
					"editVersion": 22,
					"path": "ui/EALBoolAttr.js"
				},
				"EALChoiceAttr.js": {
					"type": "docfile",
					"def": "GearButton",
					"jaxId": "1GAHN8JGD0",
					"editVersion": 22,
					"path": "ui/EALChoiceAttr.js"
				},
				"EALStepAttr.js": {
					"type": "docfile",
					"def": "GearButton",
					"jaxId": "1GAHP4NLN0",
					"editVersion": 22,
					"path": "ui/EALStepAttr.js"
				},
				"EditAttrsBox.js": {
					"type": "docfile",
					"def": "GearHud",
					"jaxId": "1GA9QOA2E0",
					"editVersion": 24,
					"path": "ui/EditAttrsBox.js"
				},
				"DlgRawEditAttr.js": {
					"type": "docfile",
					"def": "GearHud",
					"jaxId": "1GAA1RLHQ0",
					"editVersion": 22,
					"path": "ui/DlgRawEditAttr.js"
				},
				"TBXEditObj.js": {
					"type": "docfile",
					"def": "GearHud",
					"jaxId": "1GAB0NN7A0",
					"editVersion": 22,
					"path": "ui/TBXEditObj.js"
				},
				"DlgNewAttr.js": {
					"type": "docfile",
					"def": "GearBox",
					"jaxId": "1GACUOMUR0",
					"editVersion": 22,
					"path": "ui/DlgNewAttr.js"
				},
				"LineCard.js": {
					"type": "docfile",
					"def": "GearButton",
					"jaxId": "1GADMP5N90",
					"editVersion": 22,
					"path": "ui/LineCard.js"
				},
				"DlgNewGear.js": {
					"type": "docfile",
					"def": "GearBox",
					"jaxId": "1GAIT3V7R0",
					"editVersion": 22,
					"path": "ui/DlgNewGear.js"
				},
				"BoxNewGears.js": {
					"type": "docfile",
					"def": "GearTreeBox",
					"jaxId": "1GAP55UKN0",
					"editVersion": 24,
					"path": "ui/BoxNewGears.js"
				},
				"UIForge.js": {
					"type": "docfile",
					"def": "GearHud",
					"jaxId": "1GANLA5IL0",
					"editVersion": 24,
					"path": "ui/UIForge.js"
				},
				"DlgAddHud.js": {
					"type": "docfile",
					"def": "GearBox",
					"jaxId": "1GBT1HST30",
					"editVersion": 22,
					"path": "ui/DlgAddHud.js"
				},
				"EALColor.js": {
					"type": "docfile",
					"def": "GearButton",
					"jaxId": "1GCLCQBQT0",
					"editVersion": 22,
					"path": "ui/EALColor.js"
				},
				"EALFace.js": {
					"type": "docfile",
					"def": "GearButton",
					"jaxId": "1GD2K22JP0",
					"editVersion": 22,
					"path": "ui/EALFace.js"
				},
				"DlgPlayFace.js": {
					"type": "docfile",
					"def": "GearBox",
					"jaxId": "1GDCV8N0P0",
					"editVersion": 22,
					"path": "ui/DlgPlayFace.js"
				}
			}
		},
		"docViews": {
			"type": "object",
			"def": "DocsObj",
			"jaxId": "1G9QH48K13",
			"editVersion": 1,
			"attrs": {
				"UIEditGear.js": {
					"type": "docfile",
					"def": "UIView",
					"jaxId": "1GAMSM53B0",
					"editVersion": 22,
					"path": "ui/UIEditGear.js"
				}
			}
		}
	},
	"externGearLibs": [
		"/@homekit"
	]
}