{
	"type": "object",
	"def": "EditPrj",
	"jaxId": "1G9QH48K10",
	"attrs": {
		"docDatas": {
			"jaxId": "1G9QH48K11",
			"attrs": {
				"AppData.js": {
					"type": "docfile",
					"def": "DataDoc",
					"jaxId": "1HRK338IN0",
					"path": "data/AppData.js"
				}
			}
		},
		"docGears": {
			"jaxId": "1G9QH48K12",
			"attrs": {
				"NaviObjLine.js": {
					"type": "docfile",
					"def": "GearButton",
					"jaxId": "1GA554IAH0",
					"path": "ui/NaviObjLine.js"
				},
				"NaviTreeBox.js": {
					"type": "docfile",
					"def": "GearTreeBox",
					"jaxId": "1GA54HEQE0",
					"path": "ui/NaviTreeBox.js"
				},
				"TBXNaviPrj.js": {
					"type": "docfile",
					"def": "GearHud",
					"jaxId": "1GA5T3G490",
					"path": "ui/TBXNaviPrj.js"
				},
				"TBXNaviDoc.js": {
					"type": "docfile",
					"def": "GearHud",
					"jaxId": "1GA757RST0",
					"path": "ui/TBXNaviDoc.js"
				},
				"EditAttrObjBtn.js": {
					"type": "docfile",
					"def": "GearButton",
					"jaxId": "1GA8H0C960",
					"path": "ui/EditAttrObjBtn.js"
				},
				"EALObj.js": {
					"type": "docfile",
					"def": "GearBox",
					"jaxId": "1GA8IFI6J0",
					"path": "ui/EALObj.js"
				},
				"EALGroupBtn.js": {
					"type": "docfile",
					"def": "GearButton",
					"jaxId": "1GA8M7VKF0",
					"path": "ui/EALGroupBtn.js"
				},
				"EALGroup.js": {
					"type": "docfile",
					"def": "GearBox",
					"jaxId": "1GA8M784R0",
					"path": "ui/EALGroup.js"
				},
				"EALStdAttr.js": {
					"type": "docfile",
					"def": "GearButton",
					"jaxId": "1GA9NBELT0",
					"path": "ui/EALStdAttr.js"
				},
				"EALEmptyAttr.js": {
					"type": "docfile",
					"def": "GearButton",
					"jaxId": "1GA9PN5S10",
					"path": "ui/EALEmptyAttr.js"
				},
				"EALMetaMenu.js": {
					"type": "docfile",
					"def": "GearHud",
					"jaxId": "1GA9UHEBU0",
					"path": "ui/EALMetaMenu.js"
				},
				"EALBoolAttr.js": {
					"type": "docfile",
					"def": "GearButton",
					"jaxId": "1GAHCAV6C0",
					"path": "ui/EALBoolAttr.js"
				},
				"EALChoiceAttr.js": {
					"type": "docfile",
					"def": "GearButton",
					"jaxId": "1GAHN8JGD0",
					"path": "ui/EALChoiceAttr.js"
				},
				"EALStepAttr.js": {
					"type": "docfile",
					"def": "GearButton",
					"jaxId": "1GAHP4NLN0",
					"path": "ui/EALStepAttr.js"
				},
				"EditAttrsBox.js": {
					"type": "docfile",
					"def": "GearHud",
					"jaxId": "1GA9QOA2E0",
					"path": "ui/EditAttrsBox.js"
				},
				"DlgRawEditAttr.js": {
					"type": "docfile",
					"def": "GearHud",
					"jaxId": "1GAA1RLHQ0",
					"path": "ui/DlgRawEditAttr.js"
				},
				"TBXEditObj.js": {
					"type": "docfile",
					"def": "GearHud",
					"jaxId": "1GAB0NN7A0",
					"path": "ui/TBXEditObj.js"
				},
				"DlgNewAttr.js": {
					"type": "docfile",
					"def": "GearBox",
					"jaxId": "1GACUOMUR0",
					"path": "ui/DlgNewAttr.js"
				},
				"LineCard.js": {
					"type": "docfile",
					"def": "GearButton",
					"jaxId": "1GADMP5N90",
					"path": "ui/LineCard.js"
				},
				"DlgNewGear.js": {
					"type": "docfile",
					"def": "GearBox",
					"jaxId": "1GAIT3V7R0",
					"path": "ui/DlgNewGear.js"
				},
				"BoxNewGears.js": {
					"type": "docfile",
					"def": "GearTreeBox",
					"jaxId": "1GAP55UKN0",
					"path": "ui/BoxNewGears.js"
				},
				"UIForge.js": {
					"type": "docfile",
					"def": "GearHud",
					"jaxId": "1GANLA5IL0",
					"path": "ui/UIForge.js"
				},
				"DlgAddHud.js": {
					"type": "docfile",
					"def": "GearBox",
					"jaxId": "1GBT1HST30",
					"path": "ui/DlgAddHud.js"
				},
				"EALColor.js": {
					"type": "docfile",
					"def": "GearButton",
					"jaxId": "1GCLCQBQT0",
					"path": "ui/EALColor.js"
				},
				"EALFace.js": {
					"type": "docfile",
					"def": "GearButton",
					"jaxId": "1GD2K22JP0",
					"path": "ui/EALFace.js"
				},
				"DlgPlayFace.js": {
					"type": "docfile",
					"def": "GearBox",
					"jaxId": "1GDCV8N0P0",
					"path": "ui/DlgPlayFace.js"
				},
				"EALFileAttr.js": {
					"type": "docfile",
					"def": "GearButton",
					"jaxId": "1GK6LRS290",
					"path": "ui/EALFileAttr.js"
				},
				"EALFontPreview.js": {
					"type": "docfile",
					"def": "GearHud",
					"jaxId": "1GK8J7OHQ0",
					"path": "ui/EALFontPreview.js"
				},
				"BtnGear.js": {
					"type": "docfile",
					"def": "GearButton",
					"jaxId": "1GLCDPE690",
					"path": "ui/BtnGear.js"
				},
				"BoxCatalog.js": {
					"type": "docfile",
					"def": "GearHud",
					"jaxId": "1HFLJI3MU0",
					"path": "ui/BoxCatalog.js"
				},
				"EALLengthAttr.js": {
					"type": "docfile",
					"def": "GearButton",
					"jaxId": "1GLF7K6U00",
					"path": "ui/EALLengthAttr.js"
				},
				"UIAICanvas.js": {
					"type": "docfile",
					"def": "GearHud",
					"jaxId": "1HBPMFQBQ0",
					"path": "ui/UIAICanvas.js"
				},
				"BoxAIOutlet.js": {
					"type": "docfile",
					"def": "GearButton",
					"jaxId": "1HC1V0P1P0",
					"path": "ui/BoxAIOutlet.js"
				},
				"BoxAISeg.js": {
					"type": "docfile",
					"def": "GearButton",
					"jaxId": "1HC1VRLSV0",
					"path": "ui/BoxAISeg.js"
				},
				"EALNote.js": {
					"type": "docfile",
					"def": "GearButton",
					"jaxId": "1HCM67NJG0",
					"path": "ui/EALNote.js"
				},
				"EALFunction.js": {
					"type": "docfile",
					"def": "GearButton",
					"jaxId": "1HHQ15QEF0",
					"path": "ui/EALFunction.js"
				},
				"EALHyperObj.js": {
					"type": "docfile",
					"def": "GearButton",
					"jaxId": "1HTA5GBB10",
					"path": "ui/EALHyperObj.js"
				},
				"EALButton.js": {
					"type": "docfile",
					"def": "GearButton",
					"jaxId": "1HVLA7VOM0",
					"path": "ui/EALButton.js"
				},
				"TBXDebugAgent.js": {
					"type": "docfile",
					"def": "GearHud",
					"jaxId": "1IEL76JHR0",
					"path": "ui/TBXDebugAgent.js"
				}
			}
		},
		"docViews": {
			"jaxId": "1G9QH48K13",
			"attrs": {
				"UIEditGear.js": {
					"type": "docfile",
					"def": "UIView",
					"jaxId": "1GAMSM53B0",
					"path": "ui/UIEditGear.js"
				},
				"DLGCreateHud.js": {
					"type": "docfile",
					"def": "GearHud",
					"jaxId": "1GTDFRE260",
					"path": "ui/DLGCreateHud.js"
				},
				"DlgLongText.js": {
					"type": "docfile",
					"def": "GearHud",
					"jaxId": "1GV3C1P8S0",
					"path": "ui/DlgLongText.js"
				},
				"UIEditWithCanvas.js": {
					"type": "docfile",
					"def": "UIView",
					"jaxId": "1HBV0N7U60",
					"path": "ui/UIEditWithCanvas.js"
				},
				"DlgChooseSeg.js": {
					"type": "docfile",
					"def": "UIView",
					"jaxId": "1HJNUUQMD0",
					"path": "ui/DlgChooseSeg.js"
				},
				"DlgNewClass.js": {
					"type": "docfile",
					"def": "GearHud",
					"jaxId": "1H1T7ISV50",
					"path": "ui/DlgNewClass.js"
				}
			}
		},
		"docAIAgents": {}
	},
	"externGearLibs": [
		"/@StdUI"
	],
	"preloadFiles": [
		"minidoc.css"
	]
}