{
	"version": "1.0.0",
	"libs": [
		"/@StdUI"
	],
	"preloads": [
		"/@StdUI/minidoc.css",
		"minidoc.css"
	],
	"fonts": null,
	"datas": {},
	"views": {},
	"gears": {
		"NaviTreeBox": {
			"name": "NaviTreeBox",
			"path": "ui/NaviTreeBox.js",
			"icon": "gears.svg",
			"showName": "NaviTreeBox",
			"catalog": "Views"
		},
		"EditAttrObjBtn": {
			"name": "EditAttrObjBtn",
			"path": "ui/EditAttrObjBtn.js",
			"icon": "gears.svg",
			"showName": "EditAttrObjBtn",
			"catalog": ""
		},
		"EALGroupBtn": {
			"name": "EALGroupBtn",
			"path": "ui/EALGroupBtn.js",
			"icon": "gears.svg",
			"showName": "EALGroupBtn",
			"catalog": ""
		},
		"EALMetaMenu": {
			"name": "EALMetaMenu",
			"path": "ui/EALMetaMenu.js",
			"icon": "gears.svg",
			"showName": "EALMetaMenu",
			"catalog": ""
		},
		"EditAttrsBox": {
			"name": "EditAttrsBox",
			"path": "ui/EditAttrsBox.js",
			"icon": "gears.svg",
			"showName": "EditAttrsBox",
			"catalog": "Views"
		},
		"BoxNewGears": {
			"name": "BoxNewGears",
			"path": "ui/BoxNewGears.js",
			"icon": "gears.svg",
			"showName": "BoxNewGears",
			"catalog": "Views"
		},
		"UIForge": {
			"name": "UIForge",
			"path": "ui/UIForge.js",
			"icon": "gears.svg",
			"showName": "UIForge",
			"catalog": "Views"
		},
		"BoxAIOutlet": {
			"name": "BoxAIOutlet",
			"path": "ui/BoxAIOutlet.js",
			"icon": "gears.svg",
			"showName": "BoxAIOutlet",
			"catalog": ""
		}
	},
	"gearIndexes": {
		"Gear1GA554IAH0": {
			"path": "ui/NaviObjLine.js"
		},
		"Gear1GA54HEQE0": {
			"path": "ui/NaviTreeBox.js",
			"expose": false
		},
		"Gear1GA5T3G490": {
			"path": "ui/TBXNaviPrj.js",
			"expose": false
		},
		"Gear1GA757RST0": {
			"path": "ui/TBXNaviDoc.js",
			"expose": false
		},
		"Gear1GA8H0C960": {
			"path": "ui/EditAttrObjBtn.js",
			"expose": false
		},
		"Gear1GA8IFI6J0": {
			"path": "ui/EALObj.js",
			"expose": false
		},
		"Gear1GA8M7VKF0": {
			"path": "ui/EALGroupBtn.js",
			"expose": false
		},
		"Gear1GA8M784R0": {
			"path": "ui/EALGroup.js",
			"expose": false
		},
		"Gear1GA9NBELT0": {
			"path": "ui/EALStdAttr.js",
			"expose": false
		},
		"Gear1GA9PN5S10": {
			"path": "ui/EALEmptyAttr.js",
			"expose": false
		},
		"Gear1GA9UHEBU0": {
			"path": "ui/EALMetaMenu.js",
			"expose": false
		},
		"Gear1GAHCAV6C0": {
			"path": "ui/EALBoolAttr.js",
			"expose": false
		},
		"Gear1GAHN8JGD0": {
			"path": "ui/EALChoiceAttr.js",
			"expose": false
		},
		"Gear1GAHP4NLN0": {
			"path": "ui/EALStepAttr.js",
			"expose": true
		},
		"Gear1GA9QOA2E0": {
			"path": "ui/EditAttrsBox.js",
			"expose": false
		},
		"Gear1GAA1RLHQ0": {
			"path": "ui/DlgRawEditAttr.js",
			"expose": false
		},
		"Gear1GAB0NN7A0": {
			"path": "ui/TBXEditObj.js",
			"expose": false
		},
		"Gear1GACUOMUR0": {
			"path": "ui/DlgNewAttr.js",
			"expose": false
		},
		"Gear1GADMP5N90": {
			"path": "ui/LineCard.js",
			"expose": false
		},
		"Gear1GAIT3V7R0": {
			"path": "ui/DlgNewGear.js",
			"expose": false
		},
		"Gear1GAP55UKN0": {
			"path": "ui/BoxNewGears.js",
			"expose": false
		},
		"Gear1GANLA5IL0": {
			"path": "ui/UIForge.js",
			"expose": false
		},
		"Gear1GBT1HST30": {
			"path": "ui/DlgAddHud.js",
			"expose": false
		},
		"Gear1GCLCQBQT0": {
			"path": "ui/EALColor.js",
			"expose": false
		},
		"Gear1GD2K22JP0": {
			"path": "ui/EALFace.js",
			"expose": false
		},
		"Gear1GDCV8N0P0": {
			"path": "ui/DlgPlayFace.js",
			"expose": false
		},
		"Gear1GK6LRS290": {
			"path": "ui/EALFileAttr.js",
			"expose": false
		},
		"Gear1GK8J7OHQ0": {
			"path": "ui/EALFontPreview.js",
			"expose": false
		},
		"Gear1GLCDPE690": {
			"path": "ui/BtnGear.js",
			"expose": false
		},
		"Gear1HFLJI3MU0": {
			"path": "ui/BoxCatalog.js",
			"expose": false
		},
		"Gear1GLF7K6U00": {
			"path": "ui/EALLengthAttr.js",
			"expose": false
		},
		"Gear1HBPMFQBQ0": {
			"path": "ui/UIAICanvas.js",
			"expose": false
		},
		"Gear1HC1V0P1P0": {
			"path": "ui/BoxAIOutlet.js",
			"expose": false
		},
		"Gear1HC1VRLSV0": {
			"path": "ui/BoxAISeg.js",
			"expose": false
		},
		"Gear1HCM67NJG0": {
			"path": "ui/EALNote.js",
			"expose": false
		},
		"Gear1HHQ15QEF0": {
			"path": "ui/EALFunction.js",
			"expose": false
		},
		"Gear1HTA5GBB10": {
			"path": "ui/EALHyperObj.js",
			"expose": true
		},
		"Gear1HVLA7VOM0": {
			"path": "ui/EALButton.js",
			"expose": true
		},
		"Gear1IEL76JHR0": {
			"path": "ui/TBXDebugAgent.js",
			"expose": true
		},
		"Gear1GAMSM53B0": {
			"path": "ui/UIEditGear.js",
			"expose": false
		},
		"Gear1GTDFRE260": {
			"path": "ui/DLGCreateHud.js",
			"expose": false
		},
		"Gear1GV3C1P8S0": {
			"path": "ui/DlgLongText.js",
			"expose": false
		},
		"Gear1HBV0N7U60": {
			"path": "ui/UIEditWithCanvas.js",
			"expose": false
		},
		"Gear1HJNUUQMD0": {
			"path": "ui/DlgChooseSeg.js",
			"expose": true
		},
		"Gear1H1T7ISV50": {
			"path": "ui/DlgNewClass.js",
			"expose": false
		}
	},
	"templates": {
		"ui/EALChoiceAttr.js": {
			"template": true,
			"name": "Template1GAHN8JGD0",
			"showName": "EALChoiceAttr",
			"path": "ui/EALChoiceAttr.js",
			"description": "",
			"icon": "gears.svg",
			"catalog": "GearTemplates"
		},
		"ui/EALFunction.js": {
			"template": true,
			"name": "Template1HHQ15QEF0",
			"showName": "EALFunction",
			"path": "ui/EALFunction.js",
			"description": "",
			"icon": "gears.svg",
			"catalog": "GearTemplates"
		},
		"ui/EALHyperObj.js": {
			"template": true,
			"name": "Template1HTA5GBB10",
			"showName": "EALHyperObj",
			"path": "ui/EALHyperObj.js",
			"description": "",
			"icon": "gears.svg",
			"catalog": "GearTemplates"
		},
		"ui/EALButton.js": {
			"template": true,
			"name": "Template1HVLA7VOM0",
			"showName": "EALButton",
			"path": "ui/EALButton.js",
			"description": "",
			"icon": "gears.svg",
			"catalog": "GearTemplates"
		},
		"ui/UIEditWithCanvas.js": {
			"template": true,
			"name": "Template1HBV0N7U60",
			"showName": "UIEditWithCanvas",
			"path": "ui/UIEditWithCanvas.js",
			"description": "",
			"icon": "gears.svg",
			"catalog": "ViewTemplates"
		}
	}
}