{
	"version": "1.0.0",
	"libs": [],
	"preloads": [],
	"fonts": null,
	"datas": {
		"AppLib": {
			"type": "objclass",
			"def": "ObjClass",
			"jaxId": "1G5TFI2350",
			"attrs": {
				"properties": {
					"type": "object",
					"def": "Object",
					"jaxId": "1G5TFI24A1",
					"attrs": {
						"appHash": {
							"type": "auto",
							"valText": "#{}#>new Map();"
						},
						"catalogs": {
							"type": "auto",
							"valText": "#{}"
						}
					}
				},
				"mockupOnly": "true"
			},
			"mockups": {
				"testApp": {
					"type": "object",
					"jaxId": "1GMA9QAII0",
					"editVersion": 4,
					"attrs": {
						"appHash": "{}",
						"catalogs": "{}"
					}
				}
			}
		},
		"FavLib": {
			"type": "objclass",
			"def": "ObjClass",
			"jaxId": "1G5VTG2EF0",
			"attrs": {
				"properties": {
					"type": "object",
					"def": "Object",
					"jaxId": "1G5VTG2FH1",
					"attrs": {
						"this.catalogs": {
							"type": "auto",
							"valText": "#{}"
						}
					}
				},
				"mockupOnly": "true"
			},
			"mockups": {}
		}
	},
	"views": {},
	"gears": {
		"BtnIcon": {
			"name": "BtnIcon",
			"path": "ui/BtnIcon.js",
			"icon": "gears.svg",
			"showName": "Mono Icon Button ",
			"catalog": "Buttons"
		},
		"BtnCheck": {
			"name": "BtnCheck",
			"path": "ui/BtnCheck.js",
			"icon": "gears.svg",
			"showName": "BtnCheck",
			"catalog": "Buttons"
		},
		"BtnStep": {
			"name": "BtnStep",
			"path": "ui/BtnStep.js",
			"icon": "hudbtn.svg",
			"showName": "BtnStep",
			"catalog": "Buttons"
		},
		"BtnStd": {
			"name": "BtnStd",
			"path": "ui/BtnStd.js",
			"icon": "hudbtn.svg",
			"showName": "Text Button",
			"catalog": "Buttons"
		},
		"BtnSwitch": {
			"name": "BtnSwitch",
			"path": "ui/BtnSwitch.js",
			"icon": "hudbox.svg",
			"showName": "BtnSwitch",
			"catalog": "Buttons"
		},
		"PathLine": {
			"name": "PathLine",
			"path": "ui/PathLine.js",
			"icon": "folder.svg",
			"showName": "PathLine",
			"catalog": "Buttons"
		},
		"PathBox": {
			"name": "PathBox",
			"path": "ui/PathBox.js",
			"icon": "gears.svg",
			"showName": "PathNaviBox",
			"catalog": "Views"
		},
		"PathLineCheck": {
			"name": "PathLineCheck",
			"path": "ui/PathLineCheck.js",
			"icon": "gears.svg",
			"showName": "PathLineCheck",
			"catalog": ""
		},
		"PathDiffBox": {
			"name": "PathDiffBox",
			"path": "ui/PathDiffBox.js",
			"icon": "gears.svg",
			"showName": "PathDiffBox",
			"catalog": ""
		},
		"BtnLogin": {
			"name": "BtnLogin",
			"path": "ui/BtnLogin.js",
			"icon": "gears.svg",
			"showName": "BtnLogin",
			"catalog": "Buttons"
		},
		"BtnDocker": {
			"name": "BtnDocker",
			"path": "ui/BtnDocker.js",
			"icon": "gears.svg",
			"showName": "BtnDocker",
			"catalog": "Buttons"
		},
		"Docker": {
			"name": "Docker",
			"path": "ui/Docker.js",
			"icon": "gears.svg",
			"showName": "Docker",
			"catalog": "Views"
		},
		"BtnAppFrame": {
			"name": "BtnAppFrame",
			"path": "ui/BtnAppFrame.js",
			"icon": "gears.svg",
			"showName": "BtnAppFrame",
			"catalog": "Buttons"
		},
		"HyperIcon": {
			"name": "HyperIcon",
			"path": "ui/HyperIcon.js",
			"icon": "gears.svg",
			"showName": "HyperIcon",
			"catalog": "Buttons"
		},
		"DlgHeader": {
			"name": "DlgHeader",
			"path": "ui/DlgHeader.js",
			"icon": "gears.svg",
			"showName": "DlgHeader",
			"catalog": ""
		},
		"BoxTabLine": {
			"name": "BoxTabLine",
			"path": "ui/BoxTabLine.js",
			"icon": "gears.svg",
			"showName": "BoxTabLine",
			"catalog": "Views"
		},
		"BtnTabLabel": {
			"name": "BtnTabLabel",
			"path": "ui/BtnTabLabel.js",
			"icon": "gears.svg",
			"showName": "BtnTabLabel",
			"catalog": ""
		},
		"ListView": {
			"name": "ListView",
			"path": "ui/ListView.js",
			"icon": "gears.svg",
			"showName": "List View",
			"catalog": ""
		},
		"ListBox": {
			"name": "ListBox",
			"path": "ui/ListBox.js",
			"icon": "gears.svg",
			"showName": "ListBox",
			"catalog": "Views"
		},
		"BtnSlideSizeX": {
			"name": "BtnSlideSizeX",
			"path": "ui/BtnSlideSizeX.js",
			"icon": "gears.svg",
			"showName": "Slider X",
			"catalog": "Buttons"
		},
		"BoxRange": {
			"name": "BoxRange",
			"path": "ui/BoxRange.js",
			"icon": "gears.svg",
			"showName": "Range Bar",
			"catalog": ""
		},
		"BoxFeatures": {
			"name": "BoxFeatures",
			"path": "ui/BoxFeatures.js",
			"icon": "gears.svg",
			"showName": "BoxFeatures",
			"catalog": ""
		},
		"BtnDashPad": {
			"name": "BtnDashPad",
			"path": "ui/BtnDashPad.js",
			"icon": "gears.svg",
			"showName": "BtnDashPad",
			"catalog": ""
		},
		"BtnCard": {
			"name": "BtnCard",
			"path": "ui/BtnCard.js",
			"icon": "rename.svg",
			"showName": "Meta Card",
			"catalog": "Buttons"
		}
	},
	"gearIndexes": {
		"Gear1G1KK6QLK0": {
			"path": "ui/BtnIcon.js"
		},
		"Gear1G1RRPO510": {
			"path": "ui/BtnCheck.js",
			"expose": false
		},
		"Gear1G1SBGMCI0": {
			"path": "ui/BtnStep.js",
			"expose": false
		},
		"Gear1G1MSNJDE0": {
			"path": "ui/BtnStd.js",
			"expose": false
		},
		"Gear1G1RTLQIQ0": {
			"path": "ui/BtnSwitch.js",
			"expose": false
		},
		"Gear1G3UMIA9L0": {
			"path": "ui/MenuLine.js",
			"expose": false
		},
		"Gear1G3VJR35A0": {
			"path": "ui/DlgMenu.js",
			"expose": false
		},
		"Gear1G3VL0S0H0": {
			"path": "ui/PathLine.js",
			"expose": true
		},
		"Gear1G3VOSGON0": {
			"path": "ui/PathBox.js",
			"expose": false
		},
		"Gear1G5KLR8VA0": {
			"path": "ui/PathLineCheck.js",
			"expose": false
		},
		"Gear1G5KN4P690": {
			"path": "ui/PathDiffBox.js",
			"expose": false
		},
		"Gear1G53HLQS90": {
			"path": "ui/BtnLogin.js",
			"expose": false
		},
		"Gear1G53P8RQG0": {
			"path": "ui/DlgLogin.js",
			"expose": false
		},
		"Gear1G5MTUSDP0": {
			"path": "ui/BtnDocker.js",
			"expose": false
		},
		"Gear1G5N50DF50": {
			"path": "ui/Docker.js",
			"expose": false
		},
		"Gear1G5QHVFU50": {
			"path": "ui/BtnAppFrame.js",
			"expose": false
		},
		"Gear1G5QHDCI20": {
			"path": "ui/AppFrame.js",
			"expose": false
		},
		"Gear1G5TD4M620": {
			"path": "ui/HyperIcon.js",
			"expose": false
		},
		"Gear1G5TJ1QN20": {
			"path": "ui/BoxAppCatalog.js",
			"expose": false
		},
		"Gear1G5Q163PN0": {
			"path": "ui/DlgApps.js",
			"expose": false
		},
		"Gear1G69VTJ0D0": {
			"path": "ui/DlgProjects.js",
			"expose": false
		},
		"Gear1G57ITEAO0": {
			"path": "ui/DlgHeader.js",
			"expose": false
		},
		"Gear1G5I6V3GN0": {
			"path": "ui/DlgCloud.js",
			"expose": false
		},
		"Gear1G700UK7O0": {
			"path": "ui/BoxTabLine.js",
			"expose": false
		},
		"Gear1G6VV9J680": {
			"path": "ui/BtnTabLabel.js",
			"expose": false
		},
		"Gear1G6N11HM10": {
			"path": "ui/BlockPkg.js",
			"expose": false
		},
		"Gear1G6LV1SFN0": {
			"path": "ui/DlgSettings.js",
			"expose": false
		},
		"Gear1G5NI6GVI0": {
			"path": "ui/DlgTask.js",
			"expose": false
		},
		"Gear1G91QERFO0": {
			"path": "ui/ListView.js",
			"expose": false
		},
		"Gear1G931M4I30": {
			"path": "ui/ListBox.js",
			"expose": false
		},
		"Gear1G94H2G1P0": {
			"path": "ui/BtnSlideSizeX.js",
			"expose": false
		},
		"Gear1G9FURO1H0": {
			"path": "ui/DlgFile.js",
			"expose": false
		},
		"Gear1GCL1B7HA0": {
			"path": "ui/BoxRange.js",
			"expose": false
		},
		"Gear1GF1HDQJO0": {
			"path": "ui/BoxFeatures.js",
			"expose": false
		},
		"Gear1GF3SL5970": {
			"path": "ui/BtnDashPad.js",
			"expose": false
		},
		"Gear1GF1GMA180": {
			"path": "ui/DlgWelcome.js",
			"expose": false
		},
		"Gear1GFGILN9E0": {
			"path": "ui/BoxUniverse.js",
			"expose": false
		},
		"Gear1GTJIR2MA0": {
			"path": "ui/BlkAIChatUserBlob.js",
			"expose": false
		},
		"Gear1H0VF4SS80": {
			"path": "ui/BtnCard.js",
			"expose": false
		},
		"Gear1G8OC36QP0": {
			"path": "ui/UIHome.js",
			"expose": false
		},
		"Gear1GFI04I5V0": {
			"path": "ui/DlgStarGate.js",
			"expose": false
		},
		"Gear1G9776QSJ0": {
			"path": "ui/UIDocker.js",
			"expose": false
		},
		"Gear1GKTHQPHJ0": {
			"path": "ui/DlgUser.js",
			"expose": true
		},
		"Gear1GTIMO83Q0": {
			"path": "ui/DlgAIChat.js",
			"expose": false
		},
		"Gear1H4E98E1O0": {
			"path": "ui/DlgNewPrj.js",
			"expose": false
		},
		"Gear1HDJTF7HJ0": {
			"path": "ui/UIMobile.js",
			"expose": false
		}
	},
	"templates": {
		"ui/DlgMenu.js": {
			"template": true,
			"name": "Template1G3VJR35A0",
			"showName": "DlgMenu",
			"path": "ui/DlgMenu.js",
			"description": "",
			"icon": "gears.svg",
			"catalog": "GearTemplates"
		},
		"ui/UIDocker.js": {
			"template": true,
			"name": "Template1G9776QSJ0",
			"showName": "UIDocker",
			"path": "ui/UIDocker.js",
			"description": "",
			"icon": "gears.svg",
			"catalog": "ViewTemplates"
		},
		"ui/UIMobile.js": {
			"template": true,
			"name": "Template1HDJTF7HJ0",
			"showName": "UIMobile",
			"path": "ui/UIMobile.js",
			"description": "",
			"icon": "gears.svg",
			"catalog": "ViewTemplates"
		}
	}
}