{
	"weibo.com/": {
		"text input area": "(//textarea[@placeholder='有什么新鲜事想分享给大家？'])",
		"图片 button": "(//div[contains(@class, 'VPlus_file_n7Xjc')])",
		"发送 button": "(//span[text()='发送']/ancestor::button)",
		"发布微博的输入框": "(//textarea[contains(@placeholder, '有什么新鲜事想分享给大家？')])",
		"图片上传按钮": "(//div[contains(@class, 'VPlus_itemin_309nn') and contains(@class, 'VPlus_file_n7Xjc')])",
		"图片上传输入框": "(//div[contains(@class, 'VPlus_itemin_309nn') and contains(@class, 'VPlus_file_n7Xjc')])",
		"发送按钮": "(//button[contains(@class, 'Tool_btn_2Eane')])"
	},
	"www.google.com/": {
		"search input field": "(//textarea[@name='q'])",
		"Google Search button": "(//input[@value='Google Search'])"
	}
}