{
	"skills":[
		"/@aae/ai/DateTime.js",
		"/~/skill_google/ai/search.js",
		{
			"filePath":"/@tabedit/app.html",
			"type":"Page",
			"name":"TabOS IDE",
			"description":{"EN":"A powerful visual IDE for developing various AI agents and apps.","CN":"用于开发各种AI智能体以及App的强大的可视化IDE。"},
			"icon":"prj.svg",
			"package":"tabedit"
		},
		{
			"filePath":"/@homekit/ui/DlgProjects.js",
			"type":"App",
			"appFrameW":600,
			"appFrameH":600,
			"name":{"EN":"New Dev. Project","CN":"新建开发工程"},
			"description":{"EN":"Create new dev. project.","CN":"创建新的开发工程项目。"},
			"icon":"labadd.svg",
			"package":"homekit"
		},
		{
			"filePath":"/~/-files/app.html",
			"type":"App",
			"appFrameW":800,
			"appFrameH":600,
			"name":{"EN":"File Manager","CN":"文件管理器"},
			"description":{"EN":"File manager App for Tab-OS.","CN":"Tab-OS的文件管理器App。"},
			"icon":"disk.svg",
			"package":"files"
		},
		{
			"filePath":"/~/-terminal/app.html",
			"type":"App",
			"appFrameW":800,
			"appFrameH":500,
			"name":{"EN":"Terminal","CN":"命令行终端"},
			"description":{"EN":"Command line terminal App for Tab-OS.","CN":"Tab-OS的命令行终端App。"},
			"icon":"terminal.svg",
			"package":"files"
		}
	],
	"groups":[
		{
			"codeName":"Favorites",
			"name":{"CN":"日常任务","EN":" Favorites"},"description":"Favorite skills/tasks","icon":"star_s.svg",
			"skills": []
		},
		{
			"codeName":"Development",
			"name":{"CN":"开发","EN":"Development"},"description":"Develop","icon":"lab.svg",
			"skills": [
				"/@tabedit/app.html",
				"/@homekit/ui/DlgProjects.js",
				"/@aae/ai/QueryPage.js"
			]
		},
		{
			"codeName":"Tools",
			"name":{"CN":"工具","EN":"Tools"},"description":"Tools","icon":"cal.svg",
			"skills": [
				"/~/-files/app.html","/~/-terminal/app.html"
			]
		},
		{
			"codeName":"Games",
			"name":{"CN":"游戏","EN":"Games"},"description":"Games","icon":"game.svg",
			"skills": [
				"/@aae/ai/QueryPage.js"
			]
		}
	],
	"sites":[],
	"games": {
		"name":"Games",
		"icon":"game.svg",
		"skills": {
			"SKILL_www_google_com_ExecuteSearch.js": "Execute a search on a webpage using the given search query"
		}
	},
	"www_google_com": {
		"host":"www.google.com",
		"skills": {
			"SKILL_www_google_com_ExecuteSearch.js": "Execute a search on a webpage using the given search query"
		}
	},
	"weibo_com": {
		"host":"weibo.com",
		"skills": {
			"SKILL_weibo_com_PostWeibo.js": "发布微博，包含文字和图片。"
		}
	},
	"chatgpt_com": {
		"host":"chatgpt.com",
		"checkLogin":"",
		"skills": {
			"SKILL_weibo_com_PostWeibo.js": "发布微博，包含文字和图片。",
			"AskSearch":{
				"name":"AI Search",
				"file":"/@RPAChatGPTKit/ai/searchask.js",
				"needLogin":true,
				"desc":"Ask ChatGPT to seach and summary results for you."
			}
		}
	},
	"www_xiaohongshu_com": {
		"host":"www.xiaohongshu.com",
		"skills": {
			"SKILL_weibo_com_PostWeibo.js": "发布微博，包含文字和图片。"
		}
	}
}