{
	"type": "object",
	"def": "EditPrj",
	"jaxId": "1GGJKJ3BS0",
	"attrs": {
		"docDatas": {
			"jaxId": "1GGJKJ3BS1",
			"attrs": {
				"AppData.js": {
					"type": "docfile",
					"def": "DataDoc",
					"jaxId": "1HQTT32780",
					"path": "data/AppData.js"
				}
			}
		},
		"docGears": {
			"jaxId": "1GGJKJ3BS2",
			"attrs": {
				"BtnText.js": {
					"type": "docfile",
					"def": "GearButton",
					"jaxId": "1H1KB50JO0",
					"path": "ui/BtnText.js"
				},
				"BtnIcon.js": {
					"type": "docfile",
					"def": "GearButton",
					"jaxId": "1H1KJQ5RK0",
					"path": "ui/BtnIcon.js"
				},
				"BtnCheck.js": {
					"type": "docfile",
					"def": "GearButton",
					"jaxId": "1H1LD0QTJ0",
					"path": "ui/BtnCheck.js"
				},
				"BtnSwitch.js": {
					"type": "docfile",
					"def": "GearButton",
					"jaxId": "1H1LFSMBH0",
					"path": "ui/BtnSwitch.js"
				},
				"BoxSteps.js": {
					"type": "docfile",
					"def": "GearHud",
					"jaxId": "1H1LRUDP20",
					"path": "ui/BoxSteps.js"
				},
				"BoxRange.js": {
					"type": "docfile",
					"def": "GearHud",
					"jaxId": "1H1LSJKOO0",
					"path": "ui/BoxRange.js"
				},
				"BtnObject.js": {
					"type": "docfile",
					"def": "GearButton",
					"jaxId": "1H1O4B7OK0",
					"path": "ui/BtnObject.js"
				},
				"BtnTextIcon.js": {
					"type": "docfile",
					"def": "GearButton",
					"jaxId": "1H1RPOAH90",
					"path": "ui/BtnTextIcon.js"
				},
				"BtnNaviItem.js": {
					"type": "docfile",
					"def": "GearButton",
					"jaxId": "1H1TCNO8A0",
					"path": "ui/BtnNaviItem.js"
				},
				"TxtLink.js": {
					"type": "docfile",
					"def": "GearText",
					"jaxId": "1H2OFG9J20",
					"path": "ui/TxtLink.js"
				},
				"TxtMarkdown.js": {
					"type": "docfile",
					"def": "GearHud",
					"jaxId": "1HFMH37H510",
					"path": "ui/TxtMarkdown.js"
				},
				"BoxSyncSubDir.js": {
					"type": "docfile",
					"def": "GearHud",
					"jaxId": "1HJAR4GIA0",
					"path": "ui/BoxSyncSubDir.js"
				},
				"NaviToolBar.js": {
					"type": "docfile",
					"def": "GearHud",
					"jaxId": "1HL4OQGS40",
					"path": "ui/NaviToolBar.js"
				},
				"DLStd.js": {
					"type": "docfile",
					"def": "GearHud",
					"jaxId": "1HQ1EDCKJ0",
					"path": "ui/DLStd.js"
				},
				"DLBool.js": {
					"type": "docfile",
					"def": "GearHud",
					"jaxId": "1HQL6A8E10",
					"path": "ui/DLBool.js"
				},
				"DLNote.js": {
					"type": "docfile",
					"def": "GearHud",
					"jaxId": "1HQMBA8KT0",
					"path": "ui/DLNote.js"
				},
				"DLImage.js": {
					"type": "docfile",
					"def": "GearHud",
					"jaxId": "1HQMMJ09H0",
					"path": "ui/DLImage.js"
				},
				"DLEditElement.js": {
					"type": "docfile",
					"def": "GearHud",
					"jaxId": "1HQSTVR7J0",
					"path": "ui/DLEditElement.js"
				},
				"DLSelects.js": {
					"type": "docfile",
					"def": "GearHud",
					"jaxId": "1HQV9FE9T0",
					"path": "ui/DLSelects.js"
				},
				"AIAskDataBlock.js": {
					"type": "docfile",
					"def": "GearHud",
					"jaxId": "1HR4IFBH60",
					"path": "ui/AIAskDataBlock.js"
				},
				"DLCode.js": {
					"type": "docfile",
					"def": "GearHud",
					"jaxId": "1HRMFE0V90",
					"path": "ui/DLCode.js"
				},
				"DLPath.js": {
					"type": "docfile",
					"def": "GearHud",
					"jaxId": "1I05HB1NT0",
					"path": "ui/DLPath.js"
				}
			}
		},
		"docViews": {
			"jaxId": "1GGJKJ3BS3",
			"attrs": {
				"DialogTemplate.js": {
					"type": "docfile",
					"def": "GearHud",
					"jaxId": "1H1T7ISV50",
					"path": "ui/DialogTemplate.js"
				},
				"BtmNaivBox.js": {
					"type": "docfile",
					"def": "GearHud",
					"jaxId": "1H1UMGT2L0",
					"path": "ui/BtmNaivBox.js"
				},
				"DlgMenu.js": {
					"type": "docfile",
					"def": "GearBox",
					"jaxId": "1H1O8E46I0",
					"path": "ui/DlgMenu.js"
				},
				"NaviTop.js": {
					"type": "docfile",
					"def": "GearHud",
					"jaxId": "1H2CQBSVI0",
					"path": "ui/NaviTop.js"
				},
				"SlideShow.js": {
					"type": "docfile",
					"def": "GearHud",
					"jaxId": "1H4NCJO0E0",
					"path": "ui/SlideShow.js"
				},
				"InfoCard.js": {
					"type": "docfile",
					"def": "GearButton",
					"jaxId": "1H54B0SFB0",
					"path": "ui/InfoCard.js"
				},
				"IconCard.js": {
					"type": "docfile",
					"def": "GearButton",
					"jaxId": "1H59BTKMB0",
					"path": "ui/IconCard.js"
				},
				"MobileDocker.js": {
					"type": "docfile",
					"def": "GearHud",
					"jaxId": "1H6627I8R0",
					"path": "ui/MobileDocker.js"
				},
				"DataView.js": {
					"type": "docfile",
					"def": "GearHud",
					"jaxId": "1HQ1M47LD0",
					"path": "ui/DataView.js"
				},
				"MainUI.js": {
					"type": "docfile",
					"def": "UIView",
					"jaxId": "1GGJKM84D0",
					"path": "ui/MainUI.js"
				},
				"DlgSyncDir.js": {
					"type": "docfile",
					"def": "GearHud",
					"jaxId": "1HIOTKLE50",
					"path": "ui/DlgSyncDir.js"
				},
				"DlgDataView.js": {
					"type": "docfile",
					"def": "GearHud",
					"jaxId": "1HT9NO28U0",
					"path": "ui/DlgDataView.js"
				}
			}
		}
	},
	"externGearLibs": [],
	"preloadFiles": []
}