{
	"type": "object",
	"def": "EditPrj",
	"jaxId": "1GGJKJ3BS0",
	"editVersion": 20,
	"attrs": {
		"docDatas": {
			"type": "object",
			"def": "DocsObj",
			"jaxId": "1GGJKJ3BS1",
			"editVersion": 0,
			"attrs": {}
		},
		"docGears": {
			"type": "object",
			"def": "DocsObj",
			"jaxId": "1GGJKJ3BS2",
			"editVersion": 30,
			"attrs": {
				"BtnText.js": {
					"type": "docfile",
					"def": "GearButton",
					"jaxId": "1H1KB50JO0",
					"editVersion": 230,
					"path": "ui/BtnText.js"
				},
				"BtnIcon.js": {
					"type": "docfile",
					"def": "GearButton",
					"jaxId": "1H1KJQ5RK0",
					"editVersion": 217,
					"path": "ui/BtnIcon.js"
				},
				"BtnCheck.js": {
					"type": "docfile",
					"def": "GearButton",
					"jaxId": "1H1LD0QTJ0",
					"editVersion": 199,
					"path": "ui/BtnCheck.js"
				},
				"BtnSwitch.js": {
					"type": "docfile",
					"def": "GearButton",
					"jaxId": "1H1LFSMBH0",
					"editVersion": 152,
					"path": "ui/BtnSwitch.js"
				},
				"BoxSteps.js": {
					"type": "docfile",
					"def": "GearHud",
					"jaxId": "1H1LRUDP20",
					"editVersion": 124,
					"path": "ui/BoxSteps.js"
				},
				"BoxRange.js": {
					"type": "docfile",
					"def": "GearHud",
					"jaxId": "1H1LSJKOO0",
					"editVersion": 137,
					"path": "ui/BoxRange.js"
				},
				"BtnObject.js": {
					"type": "docfile",
					"def": "GearButton",
					"jaxId": "1H1O4B7OK0",
					"editVersion": 139,
					"path": "ui/BtnObject.js"
				},
				"BtnTextIcon.js": {
					"type": "docfile",
					"def": "GearButton",
					"jaxId": "1H1RPOAH90",
					"editVersion": 282,
					"path": "ui/BtnTextIcon.js"
				},
				"BtnNaviItem.js": {
					"type": "docfile",
					"def": "GearButton",
					"jaxId": "1H1TCNO8A0",
					"editVersion": 128,
					"path": "ui/BtnNaviItem.js"
				},
				"TxtLink.js": {
					"type": "docfile",
					"def": "GearText",
					"jaxId": "1H2OFG9J20",
					"editVersion": 122,
					"path": "ui/TxtLink.js"
				},
				"TxtMarkdown.js": {
					"type": "docfile",
					"def": "GearHud",
					"jaxId": "1HFMH37H510",
					"editVersion": 133,
					"path": "ui/TxtMarkdown.js"
				}
			}
		},
		"docViews": {
			"type": "object",
			"def": "DocsObj",
			"jaxId": "1GGJKJ3BS3",
			"editVersion": 54,
			"attrs": {
				"DialogTemplate.js": {
					"type": "docfile",
					"def": "GearHud",
					"jaxId": "1H1T7ISV50",
					"editVersion": 133,
					"path": "ui/DialogTemplate.js"
				},
				"BtmNaivBox.js": {
					"type": "docfile",
					"def": "GearHud",
					"jaxId": "1H1UMGT2L0",
					"editVersion": 86,
					"path": "ui/BtmNaivBox.js"
				},
				"DlgMenu.js": {
					"type": "docfile",
					"def": "GearBox",
					"jaxId": "1H1O8E46I0",
					"editVersion": 88,
					"path": "ui/DlgMenu.js"
				},
				"NaviTop.js": {
					"type": "docfile",
					"def": "GearHud",
					"jaxId": "1H2CQBSVI0",
					"editVersion": 157,
					"path": "ui/NaviTop.js"
				},
				"SlideShow.js": {
					"type": "docfile",
					"def": "GearHud",
					"jaxId": "1H4NCJO0E0",
					"editVersion": 131,
					"path": "ui/SlideShow.js"
				},
				"InfoCard.js": {
					"type": "docfile",
					"def": "GearButton",
					"jaxId": "1H54B0SFB0",
					"editVersion": 142,
					"path": "ui/InfoCard.js"
				},
				"IconCard.js": {
					"type": "docfile",
					"def": "GearButton",
					"jaxId": "1H59BTKMB0",
					"editVersion": 146,
					"path": "ui/IconCard.js"
				},
				"MobileDocker.js": {
					"type": "docfile",
					"def": "GearHud",
					"jaxId": "1H6627I8R0",
					"editVersion": 88,
					"path": "ui/MobileDocker.js"
				},
				"MainUI.js": {
					"type": "docfile",
					"def": "UIView",
					"jaxId": "1GGJKM84D0",
					"editVersion": 48,
					"path": "ui/MainUI.js"
				},
				"DlgSyncDir.js": {
					"type": "docfile",
					"def": "GearHud",
					"jaxId": "1HIOTKLE50",
					"editVersion": 162,
					"path": "ui/DlgSyncDir.js"
				}
			}
		}
	},
	"externGearLibs": [],
	"preloadFiles": []
}