{
	"version": "1.0.0",
	"libs": [],
	"preloads": [],
	"fonts": null,
	"datas": {},
	"views": {},
	"gears": {
		"BtnText": {
			"name": "BtnText",
			"path": "ui/BtnText.js",
			"icon": "btn_text.svg",
			"showName": "文本按钮",
			"catalog": "Basic,Buttons"
		},
		"BtnIcon": {
			"name": "BtnIcon",
			"path": "ui/BtnIcon.js",
			"icon": "btn_icon.svg",
			"showName": "图标按钮",
			"catalog": "Buttons"
		},
		"BtnCheck": {
			"name": "BtnCheck",
			"path": "ui/BtnCheck.js",
			"icon": "btn_check.svg",
			"showName": "选择/单选",
			"catalog": "Buttons"
		},
		"BtnSwitch": {
			"name": "BtnSwitch",
			"path": "ui/BtnSwitch.js",
			"icon": "btn_switch.svg",
			"showName": "开关按钮",
			"catalog": "Buttons"
		},
		"BoxSteps": {
			"name": "BoxSteps",
			"path": "ui/BoxSteps.js",
			"icon": "btn_step.svg",
			"showName": "增减按钮",
			"catalog": "Buttons"
		},
		"BoxRange": {
			"name": "BoxRange",
			"path": "ui/BoxRange.js",
			"icon": "gears.svg",
			"showName": "滑动值",
			"catalog": "Inputs"
		},
		"BtnObject": {
			"name": "BtnObject",
			"path": "ui/BtnObject.js",
			"icon": "gears.svg",
			"showName": "对象行",
			"catalog": "Buttons"
		},
		"BtnTextIcon": {
			"name": "BtnTextIcon",
			"path": "ui/BtnTextIcon.js",
			"icon": "btn_icon.svg",
			"showName": "带文本图标",
			"catalog": "Buttons"
		},
		"BtnNaviItem": {
			"name": "BtnNaviItem",
			"path": "ui/BtnNaviItem.js",
			"icon": "gears.svg",
			"showName": "导航入口",
			"catalog": "Buttons"
		},
		"TxtLink": {
			"name": "TxtLink",
			"path": "ui/TxtLink.js",
			"icon": "link.svg",
			"showName": "链接",
			"catalog": "Texts"
		},
		"DialogTemplate": {
			"name": "DialogTemplate",
			"path": "ui/DialogTemplate.js",
			"icon": "gears.svg",
			"showName": "标准对话框",
			"catalog": ""
		},
		"BtmNaivBox": {
			"name": "BtmNaivBox",
			"path": "ui/BtmNaivBox.js",
			"icon": "gears.svg",
			"showName": "Navi-Bottom",
			"catalog": "Views"
		},
		"DlgMenu": {
			"name": "DlgMenu",
			"path": "ui/DlgMenu.js",
			"icon": "menu.svg",
			"showName": "菜单",
			"catalog": "Views"
		},
		"NaviTop": {
			"name": "NaviTop",
			"path": "ui/NaviTop.js",
			"icon": "gears.svg",
			"showName": "顶部导航栏",
			"catalog": "Views"
		},
		"SlideShow": {
			"name": "SlideShow",
			"path": "ui/SlideShow.js",
			"icon": "ani.svg",
			"showName": "轮播框",
			"catalog": "Views"
		},
		"InfoCard": {
			"name": "InfoCard",
			"path": "ui/InfoCard.js",
			"icon": "rename.svg",
			"showName": "图片卡片",
			"catalog": "Views"
		},
		"IconCard": {
			"name": "IconCard",
			"path": "ui/IconCard.js",
			"icon": "rename.svg",
			"showName": "图标卡片",
			"catalog": "Views"
		},
		"MobileDocker": {
			"name": "MobileDocker",
			"path": "ui/MobileDocker.js",
			"icon": "huddock.svg",
			"showName": "手机App框架",
			"catalog": "Views"
		}
	},
	"gearIndexes": {
		"Gear1H1KB50JO0": {
			"path": "ui/BtnText.js"
		},
		"Gear1H1KJQ5RK0": {
			"path": "ui/BtnIcon.js",
			"expose": true
		},
		"Gear1H1LD0QTJ0": {
			"path": "ui/BtnCheck.js",
			"expose": false
		},
		"Gear1H1LFSMBH0": {
			"path": "ui/BtnSwitch.js",
			"expose": true
		},
		"Gear1H1LRUDP20": {
			"path": "ui/BoxSteps.js",
			"expose": false
		},
		"Gear1H1LSJKOO0": {
			"path": "ui/BoxRange.js",
			"expose": false
		},
		"Gear1H1O4B7OK0": {
			"path": "ui/BtnObject.js",
			"expose": false
		},
		"Gear1H1RPOAH90": {
			"path": "ui/BtnTextIcon.js",
			"expose": true
		},
		"Gear1H1TCNO8A0": {
			"path": "ui/BtnNaviItem.js",
			"expose": true
		},
		"Gear1H2OFG9J20": {
			"path": "ui/TxtLink.js",
			"expose": false
		},
		"Gear1H1T7ISV50": {
			"path": "ui/DialogTemplate.js",
			"expose": true
		},
		"Gear1H1UMGT2L0": {
			"path": "ui/BtmNaivBox.js",
			"expose": true
		},
		"Gear1H1O8E46I0": {
			"path": "ui/DlgMenu.js",
			"expose": false
		},
		"Gear1H2CQBSVI0": {
			"path": "ui/NaviTop.js",
			"expose": true
		},
		"Gear1H4NCJO0E0": {
			"path": "ui/SlideShow.js",
			"expose": true
		},
		"Gear1H54B0SFB0": {
			"path": "ui/InfoCard.js",
			"expose": true
		},
		"Gear1H59BTKMB0": {
			"path": "ui/IconCard.js",
			"expose": true
		},
		"Gear1H6627I8R0": {
			"path": "ui/MobileDocker.js",
			"expose": true
		},
		"Gear1GGJKM84D0": {
			"path": "ui/MainUI.js",
			"expose": true
		}
	},
	"templates": {
		"ui/BtnText.js": {
			"template": true,
			"name": "Template1H1KB50JO0",
			"showName": "Text Button",
			"path": "ui/BtnText.js",
			"description": "Styled text button, can have an icon.",
			"icon": "btn_text.svg",
			"catalog": "GearTemplates"
		},
		"ui/BtnCheck.js": {
			"template": true,
			"name": "Template1H1LD0QTJ0",
			"showName": "Check / Raido",
			"path": "ui/BtnCheck.js",
			"description": "Check or radio button with text",
			"icon": "btn_check.svg",
			"catalog": "GearTemplates"
		},
		"ui/BtnObject.js": {
			"template": true,
			"name": "Template1H1O4B7OK0",
			"showName": "Object Line",
			"path": "ui/BtnObject.js",
			"description": "",
			"icon": "gears.svg",
			"catalog": "GearTemplates"
		},
		"ui/BtnTextIcon.js": {
			"template": true,
			"name": "Template1H1RPOAH90",
			"showName": "Icon with Text",
			"path": "ui/BtnTextIcon.js",
			"description": "Icon button with a text footer, a optional message number mark.",
			"icon": "btn_icon.svg",
			"catalog": "GearTemplates"
		},
		"ui/TxtLink.js": {
			"template": true,
			"name": "Template1H2OFG9J20",
			"showName": "Link",
			"path": "ui/TxtLink.js",
			"description": "Link text, click to open new page or change current page's location.",
			"icon": "link.svg",
			"catalog": "GearTemplates"
		},
		"ui/DialogTemplate.js": {
			"template": true,
			"name": "Template1H1T7ISV50",
			"showName": "Standard Dialog",
			"path": "ui/DialogTemplate.js",
			"description": "",
			"icon": "gears.svg",
			"catalog": "ViewTemplates"
		},
		"ui/DlgMenu.js": {
			"template": true,
			"name": "Template1H1O8E46I0",
			"showName": "Menu",
			"path": "ui/DlgMenu.js",
			"description": "Menu frame",
			"icon": "menu.svg",
			"catalog": "ViewTemplates"
		},
		"ui/NaviTop.js": {
			"template": true,
			"name": "Template1H2CQBSVI0",
			"showName": "Top Navi Bar",
			"path": "ui/NaviTop.js",
			"description": "Simple web site header, support both motile and desktop mode.",
			"icon": "gears.svg",
			"catalog": "ViewTemplates"
		},
		"ui/SlideShow.js": {
			"template": true,
			"name": "Template1H4NCJO0E0",
			"showName": "SlideShow",
			"path": "ui/SlideShow.js",
			"description": "A slideshow for cycling through elements.",
			"icon": "ani.svg",
			"catalog": "ViewTemplates"
		},
		"ui/InfoCard.js": {
			"template": true,
			"name": "Template1H54B0SFB0",
			"showName": "Pic-Card",
			"path": "ui/InfoCard.js",
			"description": "A card with title and intro. Maybe has a picture image on left side.",
			"icon": "rename.svg",
			"catalog": "ViewTemplates"
		},
		"ui/IconCard.js": {
			"template": true,
			"name": "Template1H59BTKMB0",
			"showName": "Icon-Card",
			"path": "ui/IconCard.js",
			"description": "A card with title and intro. Maybe has an mono-color-icon on left side.",
			"icon": "rename.svg",
			"catalog": "ViewTemplates"
		},
		"ui/MobileDocker.js": {
			"template": true,
			"name": "Template1H6627I8R0",
			"showName": "Mobile Docker",
			"path": "ui/MobileDocker.js",
			"description": "Mobile application docker. With a dialog stack that can swap to close.",
			"icon": "huddock.svg",
			"catalog": "ViewTemplates"
		}
	}
}