{
	"version": "1.0.0",
	"libs": [],
	"preloads": [
		"minidoc.css"
	],
	"fonts": null,
	"datas": {},
	"views": {},
	"gears": {
		"BtnText": {
			"name": "BtnText",
			"path": "ui/BtnText.js",
			"icon": "btn_text.svg",
			"showName": "文本按钮",
			"catalog": "Basic,Buttons"
		},
		"BtnIcon": {
			"name": "BtnIcon",
			"path": "ui/BtnIcon.js",
			"icon": "btn_icon.svg",
			"showName": "图标按钮",
			"catalog": "Buttons"
		},
		"BtnCheck": {
			"name": "BtnCheck",
			"path": "ui/BtnCheck.js",
			"icon": "btn_check.svg",
			"showName": "选择/单选",
			"catalog": "Buttons"
		},
		"BtnSwitch": {
			"name": "BtnSwitch",
			"path": "ui/BtnSwitch.js",
			"icon": "btn_switch.svg",
			"showName": "开关按钮",
			"catalog": "Buttons"
		},
		"BoxSteps": {
			"name": "BoxSteps",
			"path": "ui/BoxSteps.js",
			"icon": "btn_step.svg",
			"showName": "增减按钮",
			"catalog": "Buttons"
		},
		"BoxRange": {
			"name": "BoxRange",
			"path": "ui/BoxRange.js",
			"icon": "gears.svg",
			"showName": "滑动值",
			"catalog": "Inputs"
		},
		"BtnObject": {
			"name": "BtnObject",
			"path": "ui/BtnObject.js",
			"icon": "gears.svg",
			"showName": "对象行",
			"catalog": "Buttons"
		},
		"BtnTextIcon": {
			"name": "BtnTextIcon",
			"path": "ui/BtnTextIcon.js",
			"icon": "btn_icon.svg",
			"showName": "带文本图标",
			"catalog": "Buttons"
		},
		"BtnNaviItem": {
			"name": "BtnNaviItem",
			"path": "ui/BtnNaviItem.js",
			"icon": "gears.svg",
			"showName": "导航入口",
			"catalog": "Buttons"
		},
		"TxtLink": {
			"name": "TxtLink",
			"path": "ui/TxtLink.js",
			"icon": "link.svg",
			"showName": "链接",
			"catalog": "Texts"
		},
		"TxtMarkdown": {
			"name": "TxtMarkdown",
			"path": "ui/TxtMarkdown.js",
			"icon": "filemd.svg",
			"showName": "Markdown",
			"catalog": "Texts"
		},
		"BoxSyncSubDir": {
			"name": "BoxSyncSubDir",
			"path": "ui/BoxSyncSubDir.js",
			"icon": "folder.svg",
			"showName": "SyncSubDir",
			"catalog": ""
		},
		"NaviToolBar": {
			"name": "NaviToolBar",
			"path": "ui/NaviToolBar.js",
			"icon": "gears.svg",
			"showName": "Navi Buttons",
			"catalog": "Views"
		},
		"DataView": {
			"name": "DataView",
			"path": "ui/DataView.js",
			"icon": "rename.svg",
			"showName": "数据视图",
			"catalog": "Views"
		},
		"PathPreview": {
			"name": "PathPreview",
			"path": "ui/PathPreview.js",
			"icon": "gears.svg",
			"showName": "PathPreview",
			"catalog": ""
		},
		"PathNaviView": {
			"name": "PathNaviView",
			"path": "ui/PathNaviView.js",
			"icon": "gears.svg",
			"showName": "PathNaviView",
			"catalog": ""
		},
		"PathEntryLine": {
			"name": "PathEntryLine",
			"path": "ui/PathEntryLine.js",
			"icon": "gears.svg",
			"showName": "路径对象行",
			"catalog": "Buttons"
		},
		"BtnGroup": {
			"name": "BtnGroup",
			"path": "ui/BtnGroup.js",
			"icon": "gears.svg",
			"showName": "群组按钮",
			"catalog": "Buttons"
		},
		"BoxGroup": {
			"name": "BoxGroup",
			"path": "ui/BoxGroup.js",
			"icon": "folder.svg",
			"showName": "Group",
			"catalog": "Views"
		},
		"BtnSlideSizeX": {
			"name": "BtnSlideSizeX",
			"path": "ui/BtnSlideSizeX.js",
			"icon": "gears.svg",
			"showName": "Slider X",
			"catalog": "Buttons"
		},
		"BtnTabLabel": {
			"name": "BtnTabLabel",
			"path": "ui/BtnTabLabel.js",
			"icon": "gears.svg",
			"showName": "BtnTabLabel",
			"catalog": ""
		},
		"BoxTabLine": {
			"name": "BoxTabLine",
			"path": "ui/BoxTabLine.js",
			"icon": "gears.svg",
			"showName": "BoxTabLine",
			"catalog": "Views"
		},
		"PathCompareCenter": {
			"name": "PathCompareCenter",
			"path": "ui/PathCompareCenter.js",
			"icon": "gears.svg",
			"showName": "PathCompareCenter",
			"catalog": ""
		},
		"PathCompareEntry": {
			"name": "PathCompareEntry",
			"path": "ui/PathCompareEntry.js",
			"icon": "gears.svg",
			"showName": "比较项目",
			"catalog": "Buttons"
		},
		"BtmNaivBox": {
			"name": "BtmNaivBox",
			"path": "ui/BtmNaivBox.js",
			"icon": "gears.svg",
			"showName": "Navi-Bottom",
			"catalog": "Views"
		},
		"DlgMenu": {
			"name": "DlgMenu",
			"path": "ui/DlgMenu.js",
			"icon": "menu.svg",
			"showName": "菜单",
			"catalog": "Views"
		},
		"NaviTop": {
			"name": "NaviTop",
			"path": "ui/NaviTop.js",
			"icon": "gears.svg",
			"showName": "顶部导航栏",
			"catalog": "Views"
		},
		"SlideShow": {
			"name": "SlideShow",
			"path": "ui/SlideShow.js",
			"icon": "ani.svg",
			"showName": "轮播框",
			"catalog": "Views"
		},
		"InfoCard": {
			"name": "InfoCard",
			"path": "ui/InfoCard.js",
			"icon": "idcard.svg",
			"showName": "对象卡片",
			"catalog": "Views"
		},
		"MobileDocker": {
			"name": "MobileDocker",
			"path": "ui/MobileDocker.js",
			"icon": "huddock.svg",
			"showName": "手机App框架",
			"catalog": "Views"
		},
		"DlgDataView": {
			"name": "DlgDataView",
			"path": "ui/DlgDataView.js",
			"icon": "gears.svg",
			"showName": "标准对话框",
			"catalog": ""
		},
		"DlgSelect": {
			"name": "DlgSelect",
			"path": "ui/DlgSelect.js",
			"icon": "gears.svg",
			"showName": "标准对话框",
			"catalog": ""
		},
		"DlgViewDoc": {
			"name": "DlgViewDoc",
			"path": "ui/DlgViewDoc.js",
			"icon": "gears.svg",
			"showName": "查看文档对话框",
			"catalog": ""
		},
		"ListBox": {
			"name": "ListBox",
			"path": "ui/ListBox.js",
			"icon": "gears.svg",
			"showName": "ListBox",
			"catalog": "Views"
		}
	},
	"gearIndexes": {
		"Gear1H1KB50JO0": {
			"path": "ui/BtnText.js"
		},
		"Gear1H1KJQ5RK0": {
			"path": "ui/BtnIcon.js",
			"expose": true
		},
		"Gear1H1LD0QTJ0": {
			"path": "ui/BtnCheck.js",
			"expose": false
		},
		"Gear1H1LFSMBH0": {
			"path": "ui/BtnSwitch.js",
			"expose": true
		},
		"Gear1H1LRUDP20": {
			"path": "ui/BoxSteps.js",
			"expose": false
		},
		"Gear1H1LSJKOO0": {
			"path": "ui/BoxRange.js",
			"expose": false
		},
		"Gear1H1O4B7OK0": {
			"path": "ui/BtnObject.js",
			"expose": false
		},
		"Gear1H1RPOAH90": {
			"path": "ui/BtnTextIcon.js",
			"expose": true
		},
		"Gear1H1TCNO8A0": {
			"path": "ui/BtnNaviItem.js",
			"expose": true
		},
		"Gear1H2OFG9J20": {
			"path": "ui/TxtLink.js",
			"expose": true
		},
		"Gear1HFMH37H510": {
			"path": "ui/TxtMarkdown.js",
			"expose": true
		},
		"Gear1HJAR4GIA0": {
			"path": "ui/BoxSyncSubDir.js",
			"expose": true
		},
		"Gear1HL4OQGS40": {
			"path": "ui/NaviToolBar.js",
			"expose": false
		},
		"Gear1HQ1EDCKJ0": {
			"path": "ui/DLStd.js",
			"expose": true
		},
		"Gear1HQL6A8E10": {
			"path": "ui/DLBool.js",
			"expose": true
		},
		"Gear1HQMBA8KT0": {
			"path": "ui/DLNote.js",
			"expose": true
		},
		"Gear1HQMMJ09H0": {
			"path": "ui/DLImage.js",
			"expose": true
		},
		"Gear1HQSTVR7J0": {
			"path": "ui/DLEditElement.js",
			"expose": true
		},
		"Gear1HQV9FE9T0": {
			"path": "ui/DLSelects.js",
			"expose": true
		},
		"Gear1HR4IFBH60": {
			"path": "ui/AIAskDataBlock.js",
			"expose": true
		},
		"Gear1HRMFE0V90": {
			"path": "ui/DLCode.js",
			"expose": false
		},
		"Gear1I05HB1NT0": {
			"path": "ui/DLPath.js",
			"expose": true
		},
		"Gear1HQ1M47LD0": {
			"path": "ui/DataView.js",
			"expose": true
		},
		"Gear1I8R9NI5A0": {
			"path": "ui/PathPreview.js",
			"expose": true
		},
		"Gear1I8JBEEAD0": {
			"path": "ui/PathNaviView.js",
			"expose": false
		},
		"Gear1I8JCA41H0": {
			"path": "ui/PathEntryLine.js",
			"expose": true
		},
		"Gear1I9Q06C5B0": {
			"path": "ui/BtnGroup.js",
			"expose": true
		},
		"Gear1I9Q1LH0R0": {
			"path": "ui/BoxGroup.js",
			"expose": true
		},
		"Gear1G94H2G1P0": {
			"path": "ui/BtnSlideSizeX.js",
			"expose": true
		},
		"Gear1G6VV9J680": {
			"path": "ui/BtnTabLabel.js",
			"expose": false
		},
		"Gear1G700UK7O0": {
			"path": "ui/BoxTabLine.js",
			"expose": false
		},
		"Gear1IIKNSD0L0": {
			"path": "ui/BoxLllmMessage.js",
			"expose": false
		},
		"Gear1IM04HNJU0": {
			"path": "ui/PathCompareCenter.js",
			"expose": false
		},
		"Gear1IM06J4S40": {
			"path": "ui/PathCompareEntry.js",
			"expose": false
		},
		"Gear1IM04Q3SR0": {
			"path": "ui/PathCompareLine.js",
			"expose": true
		},
		"Gear1H1T7ISV50": {
			"path": "ui/DialogTemplate.js",
			"expose": false
		},
		"Gear1H1UMGT2L0": {
			"path": "ui/BtmNaivBox.js",
			"expose": true
		},
		"Gear1H1O8E46I0": {
			"path": "ui/DlgMenu.js",
			"expose": false
		},
		"Gear1H2CQBSVI0": {
			"path": "ui/NaviTop.js",
			"expose": true
		},
		"Gear1H4NCJO0E0": {
			"path": "ui/SlideShow.js",
			"expose": true
		},
		"Gear1H54B0SFB0": {
			"path": "ui/InfoCard.js",
			"expose": true
		},
		"Gear1H59BTKMB0": {
			"path": "ui/IconCard.js",
			"expose": true
		},
		"Gear1H6627I8R0": {
			"path": "ui/MobileDocker.js",
			"expose": false
		},
		"Gear1GGJKM84D0": {
			"path": "ui/MainUI.js",
			"expose": true
		},
		"Gear1HIOTKLE50": {
			"path": "ui/DlgSyncDir.js",
			"expose": false
		},
		"Gear1HT9NO28U0": {
			"path": "ui/DlgDataView.js",
			"expose": false
		},
		"Gear1I1Q0U6CA0": {
			"path": "ui/DlgSelect.js",
			"expose": true
		},
		"Gear1I8G5V6AE0": {
			"path": "ui/DlgViewDoc.js",
			"expose": true
		},
		"Gear1I8OEKCIR0": {
			"path": "ui/DlgFile.js",
			"expose": true
		},
		"Gear1G931M4I30": {
			"path": "ui/ListBox.js",
			"expose": true
		},
		"Gear1I99VFEMT0": {
			"path": "ui/DlgTtyWork.js",
			"expose": false
		},
		"Gear1IHQMM9UM0": {
			"path": "ui/DlgDiffCode.js",
			"expose": true
		},
		"Gear1IIK75VL90": {
			"path": "ui/DlgLLMCall.js",
			"expose": true
		}
	},
	"templates": {
		"ui/BtnText.js": {
			"template": true,
			"name": "Template1H1KB50JO0",
			"showName": "Text Button",
			"path": "ui/BtnText.js",
			"description": "Styled text button, can have an icon.",
			"icon": "btn_text.svg",
			"catalog": "GearTemplates"
		},
		"ui/BtnCheck.js": {
			"template": true,
			"name": "Template1H1LD0QTJ0",
			"showName": "Check / Raido",
			"path": "ui/BtnCheck.js",
			"description": "Check or radio button with text",
			"icon": "btn_check.svg",
			"catalog": "GearTemplates"
		},
		"ui/BtnObject.js": {
			"template": true,
			"name": "Template1H1O4B7OK0",
			"showName": "Object Line",
			"path": "ui/BtnObject.js",
			"description": "",
			"icon": "gears.svg",
			"catalog": "GearTemplates"
		},
		"ui/BtnTextIcon.js": {
			"template": true,
			"name": "Template1H1RPOAH90",
			"showName": "Icon with Text",
			"path": "ui/BtnTextIcon.js",
			"description": "Icon button with a text footer, a optional message number mark.",
			"icon": "btn_icon.svg",
			"catalog": "GearTemplates"
		},
		"ui/BtnNaviItem.js": {
			"template": true,
			"name": "Template1H1TCNO8A0",
			"showName": "Navi Entry",
			"path": "ui/BtnNaviItem.js",
			"description": "Navi bar item button, with text. Item can have an icon. If item has sub-items, click will popup a menu.",
			"icon": "gears.svg",
			"catalog": "GearTemplates"
		},
		"ui/TxtLink.js": {
			"template": true,
			"name": "Template1H2OFG9J20",
			"showName": "Link",
			"path": "ui/TxtLink.js",
			"description": "Link text, click to open new page or change current page's location.",
			"icon": "link.svg",
			"catalog": "GearTemplates"
		},
		"ui/TxtMarkdown.js": {
			"template": true,
			"name": "Template1HFMH37H510",
			"showName": "Markdown",
			"path": "ui/TxtMarkdown.js",
			"description": "Component to display Markdown text",
			"icon": "filemd.svg",
			"catalog": "GearTemplates"
		},
		"ui/NaviToolBar.js": {
			"template": true,
			"name": "Template1HL4OQGS40",
			"showName": "Navi Buttons",
			"path": "ui/NaviToolBar.js",
			"description": "Button bar used to indicate/select active buttons.",
			"icon": "gears.svg",
			"catalog": "GearTemplates"
		},
		"ui/DLStd.js": {
			"template": true,
			"name": "Template1HQ1EDCKJ0",
			"showName": "DLStd",
			"path": "ui/DLStd.js",
			"description": "",
			"icon": "gears.svg",
			"catalog": "GearTemplates"
		},
		"ui/DLBool.js": {
			"template": true,
			"name": "Template1HQL6A8E10",
			"showName": "DLBool",
			"path": "ui/DLBool.js",
			"description": "",
			"icon": "gears.svg",
			"catalog": "GearTemplates"
		},
		"ui/DLNote.js": {
			"template": true,
			"name": "Template1HQMBA8KT0",
			"showName": "DLNote",
			"path": "ui/DLNote.js",
			"description": "",
			"icon": "gears.svg",
			"catalog": "GearTemplates"
		},
		"ui/DLImage.js": {
			"template": true,
			"name": "Template1HQMMJ09H0",
			"showName": "DLImage",
			"path": "ui/DLImage.js",
			"description": "",
			"icon": "gears.svg",
			"catalog": "GearTemplates"
		},
		"ui/DLEditElement.js": {
			"template": true,
			"name": "Template1HQSTVR7J0",
			"showName": "DLEditElement",
			"path": "ui/DLEditElement.js",
			"description": "",
			"icon": "gears.svg",
			"catalog": "GearTemplates"
		},
		"ui/DLSelects.js": {
			"template": true,
			"name": "Template1HQV9FE9T0",
			"showName": "DLSelects",
			"path": "ui/DLSelects.js",
			"description": "",
			"icon": "gears.svg",
			"catalog": "GearTemplates"
		},
		"ui/DLCode.js": {
			"template": true,
			"name": "Template1HRMFE0V90",
			"showName": "DLCode",
			"path": "ui/DLCode.js",
			"description": "",
			"icon": "gears.svg",
			"catalog": "GearTemplates"
		},
		"ui/DLPath.js": {
			"template": true,
			"name": "Template1I05HB1NT0",
			"showName": "DLPath",
			"path": "ui/DLPath.js",
			"description": "",
			"icon": "gears.svg",
			"catalog": "GearTemplates"
		},
		"ui/DataView.js": {
			"template": true,
			"name": "Template1HQ1M47LD0",
			"showName": "Data View",
			"path": "ui/DataView.js",
			"description": "",
			"icon": "rename.svg",
			"catalog": "GearTemplates"
		},
		"ui/PathNaviView.js": {
			"template": true,
			"name": "Template1I8JBEEAD0",
			"showName": "PathNaviView",
			"path": "ui/PathNaviView.js",
			"description": "",
			"icon": "gears.svg",
			"catalog": "GearTemplates"
		},
		"ui/PathEntryLine.js": {
			"template": true,
			"name": "Template1I8JCA41H0",
			"showName": "Path entry line",
			"path": "ui/PathEntryLine.js",
			"description": "",
			"icon": "gears.svg",
			"catalog": "GearTemplates"
		},
		"ui/BtnGroup.js": {
			"template": true,
			"name": "Template1I9Q06C5B0",
			"showName": "Group Button",
			"path": "ui/BtnGroup.js",
			"description": "",
			"icon": "gears.svg",
			"catalog": "GearTemplates"
		},
		"ui/BoxGroup.js": {
			"template": true,
			"name": "Template1I9Q1LH0R0",
			"showName": "Group",
			"path": "ui/BoxGroup.js",
			"description": "",
			"icon": "folder.svg",
			"catalog": "GearTemplates"
		},
		"ui/PathCompareEntry.js": {
			"template": true,
			"name": "Template1IM06J4S40",
			"showName": "CompareEntry",
			"path": "ui/PathCompareEntry.js",
			"description": "",
			"icon": "gears.svg",
			"catalog": "GearTemplates"
		},
		"ui/DialogTemplate.js": {
			"template": true,
			"name": "Template1H1T7ISV50",
			"showName": "Standard Dialog",
			"path": "ui/DialogTemplate.js",
			"description": "",
			"icon": "gears.svg",
			"catalog": "ViewTemplates"
		},
		"ui/DlgMenu.js": {
			"template": true,
			"name": "Template1H1O8E46I0",
			"showName": "Menu",
			"path": "ui/DlgMenu.js",
			"description": "Menu frame",
			"icon": "menu.svg",
			"catalog": "ViewTemplates"
		},
		"ui/NaviTop.js": {
			"template": true,
			"name": "Template1H2CQBSVI0",
			"showName": "Top Navi Bar",
			"path": "ui/NaviTop.js",
			"description": "Simple web site header, support both motile and desktop mode.",
			"icon": "gears.svg",
			"catalog": "ViewTemplates"
		},
		"ui/SlideShow.js": {
			"template": true,
			"name": "Template1H4NCJO0E0",
			"showName": "SlideShow",
			"path": "ui/SlideShow.js",
			"description": "A slideshow for cycling through elements.",
			"icon": "ani.svg",
			"catalog": "ViewTemplates"
		},
		"ui/InfoCard.js": {
			"template": true,
			"name": "Template1H54B0SFB0",
			"showName": "Obj-Card",
			"path": "ui/InfoCard.js",
			"description": "A card with title and intro. Maybe has a picture image on left side.",
			"icon": "idcard.svg",
			"catalog": "ViewTemplates"
		},
		"ui/MobileDocker.js": {
			"template": true,
			"name": "Template1H6627I8R0",
			"showName": "Mobile Docker",
			"path": "ui/MobileDocker.js",
			"description": "Mobile application docker. With a dialog stack that can swap to close.",
			"icon": "huddock.svg",
			"catalog": "ViewTemplates"
		},
		"ui/DlgDataView.js": {
			"template": true,
			"name": "Template1HT9NO28U0",
			"showName": "Standard Dialog",
			"path": "ui/DlgDataView.js",
			"description": "",
			"icon": "gears.svg",
			"catalog": "ViewTemplates"
		},
		"ui/DlgSelect.js": {
			"template": true,
			"name": "Template1I1Q0U6CA0",
			"showName": "Standard Dialog",
			"path": "ui/DlgSelect.js",
			"description": "",
			"icon": "gears.svg",
			"catalog": "ViewTemplates"
		},
		"ui/DlgViewDoc.js": {
			"template": true,
			"name": "Template1I8G5V6AE0",
			"showName": "Doc-View Dialog",
			"path": "ui/DlgViewDoc.js",
			"description": "",
			"icon": "gears.svg",
			"catalog": "ViewTemplates"
		},
		"ui/DlgFile.js": {
			"template": true,
			"name": "Template1I8OEKCIR0",
			"showName": "Standard Dialog",
			"path": "ui/DlgFile.js",
			"description": "",
			"icon": "gears.svg",
			"catalog": "ViewTemplates"
		},
		"ui/DlgTtyWork.js": {
			"template": true,
			"name": "Template1I99VFEMT0",
			"showName": "Standard Dialog",
			"path": "ui/DlgTtyWork.js",
			"description": "",
			"icon": "gears.svg",
			"catalog": "ViewTemplates"
		},
		"ui/DlgDiffCode.js": {
			"template": true,
			"name": "Template1IHQMM9UM0",
			"showName": "Standard Dialog",
			"path": "ui/DlgDiffCode.js",
			"description": "",
			"icon": "gears.svg",
			"catalog": "ViewTemplates"
		},
		"ui/DlgLLMCall.js": {
			"template": true,
			"name": "Template1IIK75VL90",
			"showName": "Standard Dialog",
			"path": "ui/DlgLLMCall.js",
			"description": "",
			"icon": "gears.svg",
			"catalog": "ViewTemplates"
		}
	}
}