{
	"version": "1.0.0",
	"libs": [],
	"preloads": [],
	"fonts": null,
	"datas": {
		"AppData": {
			"type": "objclass",
			"def": "ObjClass",
			"jaxId": "1HQTT32790",
			"attrs": {
				"properties": {
					"jaxId": "1HQTT327A1",
					"attrs": {}
				},
				"mockupOnly": "true"
			},
			"mockups": {}
		}
	},
	"views": {},
	"gears": {
		"BtnText": {
			"name": "BtnText",
			"path": "ui/BtnText.js",
			"icon": "btn_text.svg",
			"showName": "Text Button",
			"catalog": "Basic,Buttons"
		},
		"BtnIcon": {
			"name": "BtnIcon",
			"path": "ui/BtnIcon.js",
			"icon": "btn_icon.svg",
			"showName": "Icon Button",
			"catalog": "Buttons"
		},
		"BtnCheck": {
			"name": "BtnCheck",
			"path": "ui/BtnCheck.js",
			"icon": "btn_check.svg",
			"showName": "Check / Raido",
			"catalog": "Buttons"
		},
		"BtnSwitch": {
			"name": "BtnSwitch",
			"path": "ui/BtnSwitch.js",
			"icon": "btn_switch.svg",
			"showName": "Switch",
			"catalog": "Buttons"
		},
		"BoxSteps": {
			"name": "BoxSteps",
			"path": "ui/BoxSteps.js",
			"icon": "btn_step.svg",
			"showName": "Step Button",
			"catalog": "Buttons"
		},
		"BoxRange": {
			"name": "BoxRange",
			"path": "ui/BoxRange.js",
			"icon": "gears.svg",
			"showName": "Value Bar",
			"catalog": "Inputs"
		},
		"BtnObject": {
			"name": "BtnObject",
			"path": "ui/BtnObject.js",
			"icon": "gears.svg",
			"showName": "Object Line",
			"catalog": "Buttons"
		},
		"BtnTextIcon": {
			"name": "BtnTextIcon",
			"path": "ui/BtnTextIcon.js",
			"icon": "btn_icon.svg",
			"showName": "Icon with Text",
			"catalog": "Buttons"
		},
		"BtnNaviItem": {
			"name": "BtnNaviItem",
			"path": "ui/BtnNaviItem.js",
			"icon": "gears.svg",
			"showName": "Navi Entry",
			"catalog": "Buttons"
		},
		"TxtLink": {
			"name": "TxtLink",
			"path": "ui/TxtLink.js",
			"icon": "link.svg",
			"showName": "Link",
			"catalog": "Texts"
		},
		"TxtMarkdown": {
			"name": "TxtMarkdown",
			"path": "ui/TxtMarkdown.js",
			"icon": "filemd.svg",
			"showName": "Markdown",
			"catalog": "Texts"
		},
		"BoxSyncSubDir": {
			"name": "BoxSyncSubDir",
			"path": "ui/BoxSyncSubDir.js",
			"icon": "folder.svg",
			"showName": "SyncSubDir",
			"catalog": ""
		},
		"NaviToolBar": {
			"name": "NaviToolBar",
			"path": "ui/NaviToolBar.js",
			"icon": "gears.svg",
			"showName": "Navi Buttons",
			"catalog": "Views"
		},
		"DialogTemplate": {
			"name": "DialogTemplate",
			"path": "ui/DialogTemplate.js",
			"icon": "gears.svg",
			"showName": "Standard Dialog",
			"catalog": ""
		},
		"BtmNaivBox": {
			"name": "BtmNaivBox",
			"path": "ui/BtmNaivBox.js",
			"icon": "gears.svg",
			"showName": "Navi-Bottom",
			"catalog": "Views"
		},
		"DlgMenu": {
			"name": "DlgMenu",
			"path": "ui/DlgMenu.js",
			"icon": "menu.svg",
			"showName": "Menu",
			"catalog": "Views"
		},
		"NaviTop": {
			"name": "NaviTop",
			"path": "ui/NaviTop.js",
			"icon": "gears.svg",
			"showName": "Top Navi Bar",
			"catalog": "Views"
		},
		"SlideShow": {
			"name": "SlideShow",
			"path": "ui/SlideShow.js",
			"icon": "ani.svg",
			"showName": "SlideShow",
			"catalog": "Views"
		},
		"InfoCard": {
			"name": "InfoCard",
			"path": "ui/InfoCard.js",
			"icon": "idcard.svg",
			"showName": "Obj-Card",
			"catalog": "Views"
		},
		"MobileDocker": {
			"name": "MobileDocker",
			"path": "ui/MobileDocker.js",
			"icon": "huddock.svg",
			"showName": "Mobile Docker",
			"catalog": "Views"
		},
		"DataView": {
			"name": "DataView",
			"path": "ui/DataView.js",
			"icon": "rename.svg",
			"showName": "Data View",
			"catalog": "Views"
		},
		"DlgDataView": {
			"name": "DlgDataView",
			"path": "ui/DlgDataView.js",
			"icon": "gears.svg",
			"showName": "Standard Dialog",
			"catalog": ""
		}
	},
	"gearIndexes": {
		"Gear1H1KB50JO0": {
			"path": "ui/BtnText.js"
		},
		"Gear1H1KJQ5RK0": {
			"path": "ui/BtnIcon.js",
			"expose": true
		},
		"Gear1H1LD0QTJ0": {
			"path": "ui/BtnCheck.js",
			"expose": false
		},
		"Gear1H1LFSMBH0": {
			"path": "ui/BtnSwitch.js",
			"expose": true
		},
		"Gear1H1LRUDP20": {
			"path": "ui/BoxSteps.js",
			"expose": false
		},
		"Gear1H1LSJKOO0": {
			"path": "ui/BoxRange.js",
			"expose": false
		},
		"Gear1H1O4B7OK0": {
			"path": "ui/BtnObject.js",
			"expose": false
		},
		"Gear1H1RPOAH90": {
			"path": "ui/BtnTextIcon.js",
			"expose": true
		},
		"Gear1H1TCNO8A0": {
			"path": "ui/BtnNaviItem.js",
			"expose": true
		},
		"Gear1H2OFG9J20": {
			"path": "ui/TxtLink.js",
			"expose": false
		},
		"Gear1HFMH37H510": {
			"path": "ui/TxtMarkdown.js",
			"expose": true
		},
		"Gear1HJAR4GIA0": {
			"path": "ui/BoxSyncSubDir.js",
			"expose": true
		},
		"Gear1HL4OQGS40": {
			"path": "ui/NaviToolBar.js",
			"expose": false
		},
		"Gear1HQ1EDCKJ0": {
			"path": "ui/DLStd.js",
			"expose": true
		},
		"Gear1HQL6A8E10": {
			"path": "ui/DLBool.js",
			"expose": true
		},
		"Gear1HQMBA8KT0": {
			"path": "ui/DLNote.js",
			"expose": true
		},
		"Gear1HQMMJ09H0": {
			"path": "ui/DLImage.js",
			"expose": true
		},
		"Gear1HQSTVR7J0": {
			"path": "ui/DLEditElement.js",
			"expose": true
		},
		"Gear1HQV9FE9T0": {
			"path": "ui/DLSelects.js",
			"expose": true
		},
		"Gear1HR4IFBH60": {
			"path": "ui/AIAskDataBlock.js",
			"expose": true
		},
		"Gear1HRMFE0V90": {
			"path": "ui/DLCode.js",
			"expose": false
		},
		"Gear1I05HB1NT0": {
			"path": "ui/DLPath.js",
			"expose": true
		},
		"Gear1H1T7ISV50": {
			"path": "ui/DialogTemplate.js",
			"expose": true
		},
		"Gear1H1UMGT2L0": {
			"path": "ui/BtmNaivBox.js",
			"expose": true
		},
		"Gear1H1O8E46I0": {
			"path": "ui/DlgMenu.js",
			"expose": false
		},
		"Gear1H2CQBSVI0": {
			"path": "ui/NaviTop.js",
			"expose": true
		},
		"Gear1H4NCJO0E0": {
			"path": "ui/SlideShow.js",
			"expose": true
		},
		"Gear1H54B0SFB0": {
			"path": "ui/InfoCard.js",
			"expose": true
		},
		"Gear1H59BTKMB0": {
			"path": "ui/IconCard.js",
			"expose": true
		},
		"Gear1H6627I8R0": {
			"path": "ui/MobileDocker.js",
			"expose": true
		},
		"Gear1HQ1M47LD0": {
			"path": "ui/DataView.js",
			"expose": true
		},
		"Gear1GGJKM84D0": {
			"path": "ui/MainUI.js",
			"expose": true
		},
		"Gear1HIOTKLE50": {
			"path": "ui/DlgSyncDir.js",
			"expose": false
		},
		"Gear1HT9NO28U0": {
			"path": "ui/DlgDataView.js",
			"expose": false
		}
	},
	"templates": {
		"ui/BtnText.js": {
			"template": true,
			"name": "Template1H1KB50JO0",
			"showName": "Text Button",
			"path": "ui/BtnText.js",
			"description": "Styled text button, can have an icon.",
			"icon": "btn_text.svg",
			"catalog": "GearTemplates"
		},
		"ui/BtnCheck.js": {
			"template": true,
			"name": "Template1H1LD0QTJ0",
			"showName": "Check / Raido",
			"path": "ui/BtnCheck.js",
			"description": "Check or radio button with text",
			"icon": "btn_check.svg",
			"catalog": "GearTemplates"
		},
		"ui/BtnObject.js": {
			"template": true,
			"name": "Template1H1O4B7OK0",
			"showName": "Object Line",
			"path": "ui/BtnObject.js",
			"description": "",
			"icon": "gears.svg",
			"catalog": "GearTemplates"
		},
		"ui/BtnTextIcon.js": {
			"template": true,
			"name": "Template1H1RPOAH90",
			"showName": "Icon with Text",
			"path": "ui/BtnTextIcon.js",
			"description": "Icon button with a text footer, a optional message number mark.",
			"icon": "btn_icon.svg",
			"catalog": "GearTemplates"
		},
		"ui/TxtLink.js": {
			"template": true,
			"name": "Template1H2OFG9J20",
			"showName": "Link",
			"path": "ui/TxtLink.js",
			"description": "Link text, click to open new page or change current page's location.",
			"icon": "link.svg",
			"catalog": "GearTemplates"
		},
		"ui/TxtMarkdown.js": {
			"template": true,
			"name": "Template1HFMH37H510",
			"showName": "Markdown",
			"path": "ui/TxtMarkdown.js",
			"description": "Component to display Markdown text",
			"icon": "filemd.svg",
			"catalog": "GearTemplates"
		},
		"ui/NaviToolBar.js": {
			"template": true,
			"name": "Template1HL4OQGS40",
			"showName": "Navi Buttons",
			"path": "ui/NaviToolBar.js",
			"description": "Button bar used to indicate/select active buttons.",
			"icon": "gears.svg",
			"catalog": "GearTemplates"
		},
		"ui/DLStd.js": {
			"template": true,
			"name": "Template1HQ1EDCKJ0",
			"showName": "DLStd",
			"path": "ui/DLStd.js",
			"description": "",
			"icon": "gears.svg",
			"catalog": "GearTemplates"
		},
		"ui/DLBool.js": {
			"template": true,
			"name": "Template1HQL6A8E10",
			"showName": "DLBool",
			"path": "ui/DLBool.js",
			"description": "",
			"icon": "gears.svg",
			"catalog": "GearTemplates"
		},
		"ui/DLNote.js": {
			"template": true,
			"name": "Template1HQMBA8KT0",
			"showName": "DLNote",
			"path": "ui/DLNote.js",
			"description": "",
			"icon": "gears.svg",
			"catalog": "GearTemplates"
		},
		"ui/DLImage.js": {
			"template": true,
			"name": "Template1HQMMJ09H0",
			"showName": "DLImage",
			"path": "ui/DLImage.js",
			"description": "",
			"icon": "gears.svg",
			"catalog": "GearTemplates"
		},
		"ui/DLEditElement.js": {
			"template": true,
			"name": "Template1HQSTVR7J0",
			"showName": "DLEditElement",
			"path": "ui/DLEditElement.js",
			"description": "",
			"icon": "gears.svg",
			"catalog": "GearTemplates"
		},
		"ui/DLSelects.js": {
			"template": true,
			"name": "Template1HQV9FE9T0",
			"showName": "DLSelects",
			"path": "ui/DLSelects.js",
			"description": "",
			"icon": "gears.svg",
			"catalog": "GearTemplates"
		},
		"ui/DLCode.js": {
			"template": true,
			"name": "Template1HRMFE0V90",
			"showName": "DLCode",
			"path": "ui/DLCode.js",
			"description": "",
			"icon": "gears.svg",
			"catalog": "GearTemplates"
		},
		"ui/DLPath.js": {
			"template": true,
			"name": "Template1I05HB1NT0",
			"showName": "DLPath",
			"path": "ui/DLPath.js",
			"description": "",
			"icon": "gears.svg",
			"catalog": "GearTemplates"
		},
		"ui/DialogTemplate.js": {
			"template": true,
			"name": "Template1H1T7ISV50",
			"showName": "Standard Dialog",
			"path": "ui/DialogTemplate.js",
			"description": "",
			"icon": "gears.svg",
			"catalog": "ViewTemplates"
		},
		"ui/DlgMenu.js": {
			"template": true,
			"name": "Template1H1O8E46I0",
			"showName": "Menu",
			"path": "ui/DlgMenu.js",
			"description": "Menu frame",
			"icon": "menu.svg",
			"catalog": "ViewTemplates"
		},
		"ui/NaviTop.js": {
			"template": true,
			"name": "Template1H2CQBSVI0",
			"showName": "Top Navi Bar",
			"path": "ui/NaviTop.js",
			"description": "Simple web site header, support both motile and desktop mode.",
			"icon": "gears.svg",
			"catalog": "ViewTemplates"
		},
		"ui/SlideShow.js": {
			"template": true,
			"name": "Template1H4NCJO0E0",
			"showName": "SlideShow",
			"path": "ui/SlideShow.js",
			"description": "A slideshow for cycling through elements.",
			"icon": "ani.svg",
			"catalog": "ViewTemplates"
		},
		"ui/InfoCard.js": {
			"template": true,
			"name": "Template1H54B0SFB0",
			"showName": "Obj-Card",
			"path": "ui/InfoCard.js",
			"description": "A card with title and intro. Maybe has a picture image on left side.",
			"icon": "idcard.svg",
			"catalog": "ViewTemplates"
		},
		"ui/IconCard.js": {
			"template": true,
			"name": "Template1H59BTKMB0",
			"showName": "Icon-Card",
			"path": "ui/IconCard.js",
			"description": "A card with title and intro. Maybe has an mono-color-icon on left side.",
			"icon": "idcard.svg",
			"catalog": "ViewTemplates"
		},
		"ui/MobileDocker.js": {
			"template": true,
			"name": "Template1H6627I8R0",
			"showName": "Mobile Docker",
			"path": "ui/MobileDocker.js",
			"description": "Mobile application docker. With a dialog stack that can swap to close.",
			"icon": "huddock.svg",
			"catalog": "ViewTemplates"
		},
		"ui/DataView.js": {
			"template": true,
			"name": "Template1HQ1M47LD0",
			"showName": "Data View",
			"path": "ui/DataView.js",
			"description": "",
			"icon": "rename.svg",
			"catalog": "ViewTemplates"
		},
		"ui/DlgDataView.js": {
			"template": true,
			"name": "Template1HT9NO28U0",
			"showName": "Standard Dialog",
			"path": "ui/DlgDataView.js",
			"description": "",
			"icon": "gears.svg",
			"catalog": "ViewTemplates"
		}
	}
}