{
	"type": "object",
	"def": "EditPrj",
	"jaxId": "1GGJKJ3BS0",
	"attrs": {
		"docDatas": {
			"jaxId": "1GGJKJ3BS1",
			"attrs": {}
		},
		"docGears": {
			"jaxId": "1GGJKJ3BS2",
			"attrs": {}
		},
		"docViews": {
			"jaxId": "1GGJKJ3BS3",
			"attrs": {
				"MainUI.js": {
					"type": "docfile",
					"def": "UIView",
					"jaxId": "1GGJKM84D0",
					"path": "ui/MainUI.js"
				},
				"UICover.js": {
					"type": "docfile",
					"def": "UIView",
					"jaxId": "1HJLN4Q610",
					"path": "ui/UICover.js"
				}
			}
		}
	},
	"externGearLibs": [
		"/@StdUI"
	],
	"preloadFiles": []
}