{
	"type": "object",
	"def": "EditPrj",
	"jaxId": "1GGJKJ3BS0",
	"editVersion": 20,
	"attrs": {
		"docDatas": {
			"type": "object",
			"def": "DocsObj",
			"jaxId": "1GGJKJ3BS1",
			"editVersion": 0,
			"attrs": {}
		},
		"docGears": {
			"type": "object",
			"def": "DocsObj",
			"jaxId": "1GGJKJ3BS2",
			"editVersion": 0,
			"attrs": {}
		},
		"docViews": {
			"type": "object",
			"def": "DocsObj",
			"jaxId": "1GGJKJ3BS3",
			"editVersion": 2,
			"attrs": {
				"MainUI.js": {
					"type": "docfile",
					"def": "UIView",
					"jaxId": "1GGJKM84D0",
					"editVersion": 49,
					"path": "ui/MainUI.js"
				}
			}
		}
	},
	"externGearLibs": [
		"/@StdUI"
	],
	"preloadFiles": []
}