{
	"type": "object",
	"def": "EditPrj",
	"jaxId": "1GGJKJ3BS0",
	"attrs": {
		"docDatas": {
			"jaxId": "1GGJKJ3BS1",
			"attrs": {
				"AppData.js": {
					"type": "docfile",
					"def": "DataDoc",
					"jaxId": "1HRCEQ9730",
					"path": "data/AppData.js"
				},
				"AppConfig.js": {
					"type": "docfile",
					"def": "DataDoc",
					"jaxId": "1IT1SN0JL0",
					"path": "data/AppConfig.js"
				}
			}
		},
		"docAIAgents": {
			"jaxId": "1HLJAQA2M0",
			"attrs": {
				"SmartQuery.js": {
					"type": "docfile",
					"def": "DocAIAgent",
					"jaxId": "1I00BCBT10",
					"path": "ai/SmartQuery.js"
				},
				"QueryPage.js": {
					"type": "docfile",
					"def": "DocAIAgent",
					"jaxId": "1I0AF5EJH0",
					"path": "ai/QueryPage.js"
				},
				"ExecAction.js": {
					"type": "docfile",
					"def": "DocAIAgent",
					"jaxId": "1I0F8V5V80",
					"path": "ai/ExecAction.js"
				},
				"PageBot.js": {
					"type": "docfile",
					"def": "DocAIAgent",
					"jaxId": "1I0FBILTT0",
					"path": "ai/PageBot.js"
				},
				"MakeTaskAgent.js": {
					"type": "docfile",
					"def": "DocAIAgent",
					"jaxId": "1I0IEGBJ00",
					"path": "ai/MakeTaskAgent.js"
				},
				"GenTaskAgentDoc.js": {
					"type": "docfile",
					"def": "DocAIAgent",
					"jaxId": "1I0KK0V1B0",
					"path": "ai/GenTaskAgentDoc.js"
				},
				"RunSkillFile.js": {
					"type": "docfile",
					"def": "DocAIAgent",
					"jaxId": "1I11L4SS40",
					"path": "ai/RunSkillFile.js"
				},
				"RunCrew.js": {
					"type": "docfile",
					"def": "DocAIAgent",
					"jaxId": "1I1EEBVQH0",
					"path": "ai/RunCrew.js"
				},
				"ToolChat.js": {
					"type": "docfile",
					"def": "DocAIAgent",
					"jaxId": "1I1L1U8U20",
					"path": "ai/ToolChat.js"
				},
				"CompleteArgs.js": {
					"type": "docfile",
					"def": "DocAIAgent",
					"jaxId": "1I1NMG59H0",
					"path": "ai/CompleteArgs.js"
				},
				"DateTime.js": {
					"type": "docfile",
					"def": "DocAIAgent",
					"jaxId": "1I1NRNU5U0",
					"path": "ai/DateTime.js"
				},
				"ReadPage.js": {
					"type": "docfile",
					"def": "DocAIAgent",
					"jaxId": "1I1QFEHQL0",
					"path": "ai/ReadPage.js"
				},
				"RunSkillChain.js": {
					"type": "docfile",
					"def": "DocAIAgent",
					"jaxId": "1I1U4I09F0",
					"path": "ai/RunSkillChain.js"
				},
				"AskFile.js": {
					"type": "docfile",
					"def": "DocAIAgent",
					"jaxId": "1I236CB1G0",
					"path": "ai/AskFile.js"
				},
				"BotChat.js": {
					"type": "docfile",
					"def": "DocAIAgent",
					"jaxId": "1I2RN5R900",
					"path": "ai/BotChat.js"
				},
				"BotMessageLoop.js": {
					"type": "docfile",
					"def": "DocAIAgent",
					"jaxId": "1I2P4LDQJ0",
					"path": "ai/BotMessageLoop.js"
				},
				"BotHandleTask.js": {
					"type": "docfile",
					"def": "DocAIAgent",
					"jaxId": "1I36A305L0",
					"path": "ai/BotHandleTask.js"
				},
				"BotWorkLoop.js": {
					"type": "docfile",
					"def": "DocAIAgent",
					"jaxId": "1I36C3GLQ0",
					"path": "ai/BotWorkLoop.js"
				},
				"BotWorkCore.js": {
					"type": "docfile",
					"def": "DocAIAgent",
					"jaxId": "1I33BVLV01",
					"path": "ai/BotWorkCore.js"
				},
				"WrappedChatWork.js": {
					"type": "docfile",
					"def": "DocAIAgent",
					"jaxId": "1I5CINK1A0",
					"path": "ai/WrappedChatWork.js"
				},
				"WrappedTaskWork.js": {
					"type": "docfile",
					"def": "DocAIAgent",
					"jaxId": "1I5D3SFAO0",
					"path": "ai/WrappedTaskWork.js"
				},
				"MockupUserInfo.js": {
					"type": "docfile",
					"def": "DocAIAgent",
					"jaxId": "1I5D2VJ3G0",
					"path": "ai/MockupUserInfo.js"
				},
				"TestServer.js": {
					"type": "docfile",
					"def": "DocAIAgent",
					"jaxId": "1IDVFKQBQ0",
					"path": "ai/TestServer.js"
				}
			}
		},
		"docGears": {
			"jaxId": "1GGJKJ3BS2",
			"attrs": {
				"BtnNodeLine.js": {
					"type": "docfile",
					"def": "GearButton",
					"jaxId": "1HL27BS8G0",
					"path": "ui/BtnNodeLine.js"
				},
				"BoxDomNode.js": {
					"type": "docfile",
					"def": "GearHud",
					"jaxId": "1HL274FKA0",
					"path": "ui/BoxDomNode.js"
				},
				"BoxAttrLine.js": {
					"type": "docfile",
					"def": "GearHud",
					"jaxId": "1HL2BLTCM0",
					"path": "ui/BoxAttrLine.js"
				},
				"BoxNodeInfo.js": {
					"type": "docfile",
					"def": "GearHud",
					"jaxId": "1HL2BCKSE0",
					"path": "ui/BoxNodeInfo.js"
				},
				"BtnEvent.js": {
					"type": "docfile",
					"def": "GearButton",
					"jaxId": "1HL3PO1FK0",
					"path": "ui/BtnEvent.js"
				},
				"BoxEvent.js": {
					"type": "docfile",
					"def": "GearBox",
					"jaxId": "1HL3PMAUS0",
					"path": "ui/BoxEvent.js"
				},
				"BoxQueryLine.js": {
					"type": "docfile",
					"def": "GearHud",
					"jaxId": "1HLEJUAD20",
					"path": "ui/BoxQueryLine.js"
				},
				"BoxQueryBlock.js": {
					"type": "docfile",
					"def": "GearBox",
					"jaxId": "1HMHJ4NAT0",
					"path": "ui/BoxQueryBlock.js"
				},
				"BoxUserAction.js": {
					"type": "docfile",
					"def": "GearBox",
					"jaxId": "1HPFFBP7D0",
					"path": "ui/BoxUserAction.js"
				},
				"BoxGroup.js": {
					"type": "docfile",
					"def": "GearBox",
					"jaxId": "1I1BV49TB0",
					"path": "ui/BoxGroup.js"
				},
				"BoxTool.js": {
					"type": "docfile",
					"def": "GearBox",
					"jaxId": "1I1I7N5V30",
					"path": "ui/BoxTool.js"
				},
				"BtnState.js": {
					"type": "docfile",
					"def": "GearButton",
					"jaxId": "1I1UT4SUC0",
					"path": "ui/BtnState.js"
				},
				"BoxBot.js": {
					"type": "docfile",
					"def": "GearHud",
					"jaxId": "1I2ENG3KV0",
					"path": "ui/BoxBot.js"
				},
				"BoxAAChatMessage.js": {
					"type": "docfile",
					"def": "GearHud",
					"jaxId": "1I5LRDMNM0",
					"path": "ui/BoxAAChatMessage.js"
				},
				"BoxAAChatAsset.js": {
					"type": "docfile",
					"def": "GearHud",
					"jaxId": "1I5N374210",
					"path": "ui/BoxAAChatAsset.js"
				},
				"BoxAAChatLogs.js": {
					"type": "docfile",
					"def": "GearHud",
					"jaxId": "1I69AG01I0",
					"path": "ui/BoxAAChatLogs.js"
				},
				"BoxAAChatLogLine.js": {
					"type": "docfile",
					"def": "GearHud",
					"jaxId": "1I69CLE7F0",
					"path": "ui/BoxAAChatLogLine.js"
				},
				"BoxAABotMessage.js": {
					"type": "docfile",
					"def": "GearHud",
					"jaxId": "1I79M1QRH0",
					"path": "ui/BoxAABotMessage.js"
				},
				"BoxTaskWork.js": {
					"type": "docfile",
					"def": "GearBox",
					"jaxId": "1I7E3F2MM0",
					"path": "ui/BoxTaskWork.js"
				},
				"BtnChatFlow.js": {
					"type": "docfile",
					"def": "GearButton",
					"jaxId": "1I7PSN1M10",
					"path": "ui/BtnChatFlow.js"
				},
				"BtnChatSession.js": {
					"type": "docfile",
					"def": "GearButton",
					"jaxId": "1ILN5P53N0",
					"path": "ui/BtnChatSession.js"
				},
				"BtnToolCard.js": {
					"type": "docfile",
					"def": "GearBox",
					"jaxId": "1IVOTP04N0",
					"path": "ui/BtnToolCard.js"
				},
				"BtnShortcut.js": {
					"type": "docfile",
					"def": "GearButton",
					"jaxId": "1IVRGR7T80",
					"path": "ui/BtnShortcut.js"
				},
				"BtnChatApp.js": {
					"type": "docfile",
					"def": "GearButton",
					"jaxId": "1J384AMEP0",
					"path": "ui/BtnChatApp.js"
				}
			}
		},
		"docViews": {
			"jaxId": "1GGJKJ3BS3",
			"attrs": {
				"MainUI.js": {
					"type": "docfile",
					"def": "UIView",
					"jaxId": "1GGJKM84D0",
					"path": "ui/MainUI.js"
				},
				"Cover.js": {
					"type": "docfile",
					"def": "GearHud",
					"jaxId": "1HM3JQDHK0",
					"path": "ui/Cover.js"
				},
				"DashBoard.js": {
					"type": "docfile",
					"def": "UIView",
					"jaxId": "1I10E0NR20",
					"path": "ui/DashBoard.js"
				},
				"DlgSkillInfo.js": {
					"type": "docfile",
					"def": "GearHud",
					"jaxId": "1I286DL250",
					"path": "ui/DlgSkillInfo.js"
				},
				"Botwork.js": {
					"type": "docfile",
					"def": "UIView",
					"jaxId": "1I2G6JNL40",
					"path": "ui/Botwork.js"
				},
				"BotNodeUI.js": {
					"type": "docfile",
					"def": "UIView",
					"jaxId": "1I4OO0SN10",
					"path": "ui/BotNodeUI.js"
				},
				"UserClientUI.js": {
					"type": "docfile",
					"def": "GearHud",
					"jaxId": "1I7H5A7EO0",
					"path": "ui/UserClientUI.js"
				},
				"UIBotChat.js": {
					"type": "docfile",
					"def": "GearHud",
					"jaxId": "1I7H9JKNH0",
					"path": "ui/UIBotChat.js"
				},
				"UIAppConfig.js": {
					"type": "docfile",
					"def": "GearHud",
					"jaxId": "1IT1O07DP0",
					"path": "ui/UIAppConfig.js"
				},
				"DlgShare.js": {
					"type": "docfile",
					"def": "GearHud",
					"jaxId": "1IUV8TVST0",
					"path": "ui/DlgShare.js"
				},
				"UIShadowApp.js": {
					"type": "docfile",
					"def": "UIView",
					"jaxId": "1IV16MNG10",
					"path": "ui/UIShadowApp.js"
				}
			}
		}
	},
	"externGearLibs": [
		"/@StdUI",
		"/@aichat"
	],
	"preloadFiles": [
		"minidoc.css"
	]
}