{
	"version": "1.0.0",
	"libs": [
		"/@StdUI",
		"/@aichat"
	],
	"preloads": [
		"/@StdUI/minidoc.css",
		"/@aichat/minidoc.css",
		"minidoc.css"
	],
	"fonts": null,
	"datas": {},
	"views": {},
	"gears": {
		"BtnNodeLine": {
			"name": "BtnNodeLine",
			"path": "ui/BtnNodeLine.js",
			"icon": "gears.svg",
			"showName": "BtnNodeLine",
			"catalog": ""
		},
		"BoxDomNode": {
			"name": "BoxDomNode",
			"path": "ui/BoxDomNode.js",
			"icon": "gears.svg",
			"showName": "BoxDomNode",
			"catalog": ""
		},
		"BoxAttrLine": {
			"name": "BoxAttrLine",
			"path": "ui/BoxAttrLine.js",
			"icon": "gears.svg",
			"showName": "BoxAttrLine",
			"catalog": ""
		},
		"BoxNodeInfo": {
			"name": "BoxNodeInfo",
			"path": "ui/BoxNodeInfo.js",
			"icon": "gears.svg",
			"showName": "BoxNodeInfo",
			"catalog": ""
		},
		"BtnEvent": {
			"name": "BtnEvent",
			"path": "ui/BtnEvent.js",
			"icon": "gears.svg",
			"showName": "BtnEvent",
			"catalog": ""
		},
		"BoxQueryLine": {
			"name": "BoxQueryLine",
			"path": "ui/BoxQueryLine.js",
			"icon": "gears.svg",
			"showName": "BoxQueryLine",
			"catalog": ""
		},
		"BoxGroup": {
			"name": "BoxGroup",
			"path": "ui/BoxGroup.js",
			"icon": "gears.svg",
			"showName": "BoxGroup",
			"catalog": ""
		},
		"BoxTool": {
			"name": "BoxTool",
			"path": "ui/BoxTool.js",
			"icon": "gears.svg",
			"showName": "BoxTool",
			"catalog": ""
		},
		"BtnState": {
			"name": "BtnState",
			"path": "ui/BtnState.js",
			"icon": "gears.svg",
			"showName": "BtnState",
			"catalog": ""
		},
		"BtnChatFlow": {
			"name": "BtnChatFlow",
			"path": "ui/BtnChatFlow.js",
			"icon": "gears.svg",
			"showName": "BtnChatFlow",
			"catalog": "Buttons"
		},
		"BtnToolCard": {
			"name": "BtnToolCard",
			"path": "ui/BtnToolCard.js",
			"icon": "gears.svg",
			"showName": "BtnToolCard",
			"catalog": ""
		},
		"DlgSkillInfo": {
			"name": "DlgSkillInfo",
			"path": "ui/DlgSkillInfo.js",
			"icon": "gears.svg",
			"showName": "标准对话框",
			"catalog": ""
		},
		"UIBotChat": {
			"name": "UIBotChat",
			"path": "ui/UIBotChat.js",
			"icon": "gears.svg",
			"showName": "UIChat",
			"catalog": "Views"
		}
	},
	"gearIndexes": {
		"Gear1HL27BS8G0": {
			"path": "ui/BtnNodeLine.js"
		},
		"Gear1HL274FKA0": {
			"path": "ui/BoxDomNode.js",
			"expose": false
		},
		"Gear1HL2BLTCM0": {
			"path": "ui/BoxAttrLine.js",
			"expose": false
		},
		"Gear1HL2BCKSE0": {
			"path": "ui/BoxNodeInfo.js",
			"expose": false
		},
		"Gear1HL3PO1FK0": {
			"path": "ui/BtnEvent.js",
			"expose": false
		},
		"Gear1HL3PMAUS0": {
			"path": "ui/BoxEvent.js",
			"expose": false
		},
		"Gear1HLEJUAD20": {
			"path": "ui/BoxQueryLine.js",
			"expose": false
		},
		"Gear1HMHJ4NAT0": {
			"path": "ui/BoxQueryBlock.js",
			"expose": false
		},
		"Gear1HPFFBP7D0": {
			"path": "ui/BoxUserAction.js",
			"expose": false
		},
		"Gear1I1BV49TB0": {
			"path": "ui/BoxGroup.js",
			"expose": false
		},
		"Gear1I1I7N5V30": {
			"path": "ui/BoxTool.js",
			"expose": true
		},
		"Gear1I1UT4SUC0": {
			"path": "ui/BtnState.js",
			"expose": true
		},
		"Gear1I2ENG3KV0": {
			"path": "ui/BoxBot.js",
			"expose": false
		},
		"Gear1I5LRDMNM0": {
			"path": "ui/BoxAAChatMessage.js",
			"expose": false
		},
		"Gear1I5N374210": {
			"path": "ui/BoxAAChatAsset.js",
			"expose": false
		},
		"Gear1I69AG01I0": {
			"path": "ui/BoxAAChatLogs.js",
			"expose": false
		},
		"Gear1I69CLE7F0": {
			"path": "ui/BoxAAChatLogLine.js",
			"expose": false
		},
		"Gear1I79M1QRH0": {
			"path": "ui/BoxAABotMessage.js",
			"expose": true
		},
		"Gear1I7E3F2MM0": {
			"path": "ui/BoxTaskWork.js",
			"expose": true
		},
		"Gear1I7PSN1M10": {
			"path": "ui/BtnChatFlow.js",
			"expose": false
		},
		"Gear1ILN5P53N0": {
			"path": "ui/BtnChatSession.js",
			"expose": false
		},
		"Gear1IVOTP04N0": {
			"path": "ui/BtnToolCard.js",
			"expose": true
		},
		"Gear1IVRGR7T80": {
			"path": "ui/BtnShortcut.js",
			"expose": true
		},
		"Gear1J384AMEP0": {
			"path": "ui/BtnChatApp.js",
			"expose": false
		},
		"Gear1GGJKM84D0": {
			"path": "ui/MainUI.js",
			"expose": true
		},
		"Gear1HM3JQDHK0": {
			"path": "ui/Cover.js",
			"expose": false
		},
		"Gear1I10E0NR20": {
			"path": "ui/DashBoard.js",
			"expose": false
		},
		"Gear1I286DL250": {
			"path": "ui/DlgSkillInfo.js",
			"expose": true
		},
		"Gear1I2G6JNL40": {
			"path": "ui/Botwork.js",
			"expose": true
		},
		"Gear1I4OO0SN10": {
			"path": "ui/BotNodeUI.js",
			"expose": false
		},
		"Gear1I7H5A7EO0": {
			"path": "ui/UserClientUI.js",
			"expose": false
		},
		"Gear1I7H9JKNH0": {
			"path": "ui/UIBotChat.js",
			"expose": false
		},
		"Gear1IT1O07DP0": {
			"path": "ui/UIAppConfig.js",
			"expose": true
		},
		"Gear1IUV8TVST0": {
			"path": "ui/DlgShare.js",
			"expose": false
		},
		"Gear1IV16MNG10": {
			"path": "ui/UIShadowApp.js",
			"expose": true
		},
		"Gear1JGMDL4IO0": {
			"path": "ui/ModelsBoard.js",
			"expose": false
		}
	},
	"templates": {
		"ui/BoxGroup.js": {
			"template": true,
			"name": "Template1I1BV49TB0",
			"showName": "BoxGroup",
			"path": "ui/BoxGroup.js",
			"description": "",
			"icon": "gears.svg",
			"catalog": "GearTemplates"
		},
		"ui/BoxTool.js": {
			"template": true,
			"name": "Template1I1I7N5V30",
			"showName": "BoxTool",
			"path": "ui/BoxTool.js",
			"description": "",
			"icon": "gears.svg",
			"catalog": "GearTemplates"
		},
		"ui/BoxAAChatLogLine.js": {
			"template": true,
			"name": "Template1I69CLE7F0",
			"showName": "BoxAAChatLogLine",
			"path": "ui/BoxAAChatLogLine.js",
			"description": "",
			"icon": "gears.svg",
			"catalog": "GearTemplates"
		},
		"ui/BoxAABotMessage.js": {
			"template": true,
			"name": "Template1I79M1QRH0",
			"showName": "BoxAABotMessage",
			"path": "ui/BoxAABotMessage.js",
			"description": "",
			"icon": "gears.svg",
			"catalog": "GearTemplates"
		},
		"ui/BtnChatSession.js": {
			"template": true,
			"name": "Template1ILN5P53N0",
			"showName": "BtnChatSession",
			"path": "ui/BtnChatSession.js",
			"description": "",
			"icon": "gears.svg",
			"catalog": "GearTemplates"
		},
		"ui/BtnToolCard.js": {
			"template": true,
			"name": "Template1IVOTP04N0",
			"showName": "BtnToolCard",
			"path": "ui/BtnToolCard.js",
			"description": "",
			"icon": "gears.svg",
			"catalog": "GearTemplates"
		},
		"ui/BtnChatApp.js": {
			"template": true,
			"name": "Template1J384AMEP0",
			"showName": "BtnChatApp",
			"path": "ui/BtnChatApp.js",
			"description": "",
			"icon": "gears.svg",
			"catalog": "GearTemplates"
		},
		"ui/DashBoard.js": {
			"template": true,
			"name": "Template1I10E0NR20",
			"showName": "DashBoard",
			"path": "ui/DashBoard.js",
			"description": "",
			"icon": "gears.svg",
			"catalog": "ViewTemplates"
		},
		"ui/DlgSkillInfo.js": {
			"template": true,
			"name": "Template1I286DL250",
			"showName": "Standard Dialog",
			"path": "ui/DlgSkillInfo.js",
			"description": "",
			"icon": "gears.svg",
			"catalog": "ViewTemplates"
		},
		"ui/UIBotChat.js": {
			"template": true,
			"name": "Template1I7H9JKNH0",
			"showName": "UIChat",
			"path": "ui/UIBotChat.js",
			"description": "",
			"icon": "gears.svg",
			"catalog": "ViewTemplates"
		},
		"ui/DlgShare.js": {
			"template": true,
			"name": "Template1IUV8TVST0",
			"showName": "Standard Dialog",
			"path": "ui/DlgShare.js",
			"description": "",
			"icon": "gears.svg",
			"catalog": "ViewTemplates"
		},
		"ui/ModelsBoard.js": {
			"template": true,
			"name": "Template1JGMDL4IO0",
			"showName": "ModelsBoard",
			"path": "ui/ModelsBoard.js",
			"description": "",
			"icon": "gears.svg",
			"catalog": "ViewTemplates"
		}
	}
}