{
	"lastURL": "https://www.google.com/",
	"history": [
		{
			"url": "https://www.google.com/",
			"title": "Google"
		},
		{
			"url": "https://chatgpt.com/",
			"title": "ChatGPT"
		},
		{
			"url": "https://developer.mozilla.org/en-US/docs/Web/JavaScript/Reference/Global_Objects/Object",
			"title": "Object - JavaScript | MDN"
		},
		{
			"url": "https://www.baidu.com/",
			"title": "百度一下，你就知道"
		},
		{
			"url": "https://chat.openai.com/",
			"title": "ChatGPT"
		},
		{
			"url": "https://developer.mozilla.org/en-US/docs/Web/API/MutationObserver/disconnect",
			"title": "MutationObserver: disconnect() method - Web APIs | MDN"
		}
	],
	"browsers": [
		"AAHOME",
		"Test"
	],
	"lastBrowser": "AAHOME"
}