{
	"type": "object",
	"def": "EditPrj",
	"jaxId": "1G9DJJEHQ0",
	"editVersion": 11,
	"attrs": {
		"docDatas": {
			"type": "object",
			"def": "DocsObj",
			"jaxId": "1G9DJJEHQ1",
			"editVersion": 3,
			"attrs": {
				"AddOn.js": {
					"type": "docfile",
					"def": "DataDoc",
					"jaxId": "1G9DNULHP0",
					"editVersion": 3,
					"path": "data/AddOn.js"
				},
				"DataDoc.js": {
					"type": "docfile",
					"def": "DataDoc",
					"jaxId": "1G9DSGUKU0",
					"editVersion": 3,
					"path": "data/DataDoc.js"
				},
				"DataPrj.js": {
					"type": "docfile",
					"def": "DataDoc",
					"jaxId": "1G9H8O8EV0",
					"editVersion": 3,
					"path": "data/DataPrj.js"
				}
			}
		},
		"docGears": {
			"type": "object",
			"def": "DocsObj",
			"jaxId": "1G9DJJEHQ2",
			"editVersion": 26,
			"attrs": {
				"ToolView.js": {
					"type": "docfile",
					"def": "GearHud",
					"jaxId": "1G9E2UOKI0",
					"editVersion": 27,
					"path": "ui/ToolView.js"
				},
				"ToolTabBtn.js": {
					"type": "docfile",
					"def": "GearButton",
					"jaxId": "1G9E42NEU0",
					"editVersion": 24,
					"path": "ui/ToolTabBtn.js"
				},
				"DocTabBtn.js": {
					"type": "docfile",
					"def": "GearButton",
					"jaxId": "1G9E583100",
					"editVersion": 24,
					"path": "ui/DocTabBtn.js"
				},
				"DocTabTrk.js": {
					"type": "docfile",
					"def": "GearHud",
					"jaxId": "1G9EHTP730",
					"editVersion": 24,
					"path": "ui/DocTabTrk.js"
				},
				"DocEditor.js": {
					"type": "docfile",
					"def": "GearHud",
					"jaxId": "1G9EKS4E90",
					"editVersion": 22,
					"path": "ui/DocEditor.js"
				},
				"StateMsg.js": {
					"type": "docfile",
					"def": "GearHud",
					"jaxId": "1G9G34DVP0",
					"editVersion": 22,
					"path": "ui/StateMsg.js"
				},
				"TBXPath.js": {
					"type": "docfile",
					"def": "GearHud",
					"jaxId": "1G9HATHL00",
					"editVersion": 22,
					"path": "ui/TBXPath.js"
				},
				"TBXCloud.js": {
					"type": "docfile",
					"def": "GearHud",
					"jaxId": "1G9HB2K300",
					"editVersion": 22,
					"path": "ui/TBXCloud.js"
				},
				"TBXFindInFile.js": {
					"type": "docfile",
					"def": "GearHud",
					"jaxId": "1G9HB3FRN0",
					"editVersion": 22,
					"path": "ui/TBXFindInFile.js"
				},
				"TBXBookMark.js": {
					"type": "docfile",
					"def": "GearHud",
					"jaxId": "1G9HCQVCC0",
					"editVersion": 22,
					"path": "ui/TBXBookMark.js"
				},
				"TBXLint.js": {
					"type": "docfile",
					"def": "GearHud",
					"jaxId": "1G9HCT4SI0",
					"editVersion": 22,
					"path": "ui/TBXLint.js"
				},
				"TBXViewHTML.js": {
					"type": "docfile",
					"def": "GearHud",
					"jaxId": "1G9HD19OQ0",
					"editVersion": 22,
					"path": "ui/TBXViewHTML.js"
				},
				"BoxFindFile.js": {
					"type": "docfile",
					"def": "GearButton",
					"jaxId": "1G9LCK1N20",
					"editVersion": 22,
					"path": "ui/BoxFindFile.js"
				},
				"BoxFindLine.js": {
					"type": "docfile",
					"def": "GearButton",
					"jaxId": "1G9LDEL3T0",
					"editVersion": 22,
					"path": "ui/BoxFindLine.js"
				},
				"DlgDocs.js": {
					"type": "docfile",
					"def": "GearBox",
					"jaxId": "1GBSD19800",
					"editVersion": 22,
					"path": "ui/DlgDocs.js"
				},
				"DlgStart.js": {
					"type": "docfile",
					"def": "GearBox",
					"jaxId": "1GDI1RVQG0",
					"editVersion": 22,
					"path": "ui/DlgStart.js"
				}
			}
		},
		"docViews": {
			"type": "object",
			"def": "DocsObj",
			"jaxId": "1G9DJJEHQ3",
			"editVersion": 4,
			"attrs": {
				"UIStudioi.js": {
					"type": "docfile",
					"def": "UIView",
					"jaxId": "1G9DJTQHM0",
					"editVersion": 22,
					"path": "ui/UIStudioi.js"
				},
				"UIEdLit.js": {
					"type": "docfile",
					"def": "UIView",
					"jaxId": "1G9EINO550",
					"editVersion": 22,
					"path": "ui/UIEdLit.js"
				},
				"UIEditMD.js": {
					"type": "docfile",
					"def": "UIView",
					"jaxId": "1GDK6DVVD0",
					"editVersion": 22,
					"path": "ui/UIEditMD.js"
				},
				"UIEditVersion.js": {
					"type": "docfile",
					"def": "UIView",
					"jaxId": "1GDLSND480",
					"editVersion": 22,
					"path": "ui/UIEditVersion.js"
				}
			}
		}
	},
	"externGearLibs": [
		"/@homekit"
	]
}