{
	"type": "object",
	"def": "EditPrj",
	"jaxId": "1G9DJJEHQ0",
	"attrs": {
		"docDatas": {
			"jaxId": "1G9DJJEHQ1",
			"attrs": {
				"AddOn.js": {
					"type": "docfile",
					"def": "DataDoc",
					"jaxId": "1G9DNULHP0",
					"path": "data/AddOn.js"
				},
				"DataDoc.js": {
					"type": "docfile",
					"def": "DataDoc",
					"jaxId": "1G9DSGUKU0",
					"path": "data/DataDoc.js"
				},
				"DataPrj.js": {
					"type": "docfile",
					"def": "DataDoc",
					"jaxId": "1G9H8O8EV0",
					"path": "data/DataPrj.js"
				},
				"DataAIChat.js": {
					"type": "docfile",
					"def": "DataDoc",
					"jaxId": "1GP79NMCP0",
					"path": "data/DataAIChat.js"
				},
				"AppData.js": {
					"type": "docfile",
					"def": "DataDoc",
					"jaxId": "1I05CUMOT0",
					"path": "data/AppData.js"
				},
				"CompathPrj.js": {
					"type": "docfile",
					"def": "DataDoc",
					"jaxId": "1IM7TQOKA0",
					"path": "data/CompathPrj.js"
				}
			}
		},
		"docAIAgents": {
			"jaxId": "1HRS3QLD20",
			"attrs": {
				"CodeAtCursor.js": {
					"type": "docfile",
					"def": "DocAIAgent",
					"jaxId": "1HRS3QLCP0",
					"path": "ai/CodeAtCursor.js"
				},
				"CodeAtRange.js": {
					"type": "docfile",
					"def": "DocAIAgent",
					"jaxId": "1HRU196360",
					"path": "ai/CodeAtRange.js"
				},
				"CodeWithSelection.js": {
					"type": "docfile",
					"def": "DocAIAgent",
					"jaxId": "1J7V9TL1R0",
					"path": "ai/CodeWithSelection.js"
				},
				"CodeWithDoc.js": {
					"type": "docfile",
					"def": "DocAIAgent",
					"jaxId": "1J7VBS2920",
					"path": "ai/CodeWithDoc.js"
				},
				"translate.js": {
					"type": "docfile",
					"def": "DocAIAgent",
					"jaxId": "1J7VNINPT0",
					"path": "ai/translate.js"
				},
				"IndexSource.js": {
					"type": "docfile",
					"def": "DocAIAgent",
					"jaxId": "1JF4D8SHM0",
					"path": "ai/IndexSource.js"
				},
				"AbridgeSource.js": {
					"type": "docfile",
					"def": "DocAIAgent",
					"jaxId": "1JF6KMOJI0",
					"path": "ai/AbridgeSource.js"
				}
			}
		},
		"docGears": {
			"jaxId": "1G9DJJEHQ2",
			"attrs": {
				"ToolView.js": {
					"type": "docfile",
					"def": "GearHud",
					"jaxId": "1G9E2UOKI0",
					"path": "ui/ToolView.js"
				},
				"ToolTabBtn.js": {
					"type": "docfile",
					"def": "GearButton",
					"jaxId": "1G9E42NEU0",
					"path": "ui/ToolTabBtn.js"
				},
				"DocTabBtn.js": {
					"type": "docfile",
					"def": "GearButton",
					"jaxId": "1G9E583100",
					"path": "ui/DocTabBtn.js"
				},
				"DocTabTrk.js": {
					"type": "docfile",
					"def": "GearHud",
					"jaxId": "1G9EHTP730",
					"path": "ui/DocTabTrk.js"
				},
				"DocEditor.js": {
					"type": "docfile",
					"def": "GearHud",
					"jaxId": "1G9EKS4E90",
					"path": "ui/DocEditor.js"
				},
				"StateMsg.js": {
					"type": "docfile",
					"def": "GearHud",
					"jaxId": "1G9G34DVP0",
					"path": "ui/StateMsg.js"
				},
				"TBXPath.js": {
					"type": "docfile",
					"def": "GearHud",
					"jaxId": "1G9HATHL00",
					"path": "ui/TBXPath.js"
				},
				"TBXCloud.js": {
					"type": "docfile",
					"def": "GearHud",
					"jaxId": "1G9HB2K300",
					"path": "ui/TBXCloud.js"
				},
				"TBXFindInFile.js": {
					"type": "docfile",
					"def": "GearHud",
					"jaxId": "1G9HB3FRN0",
					"path": "ui/TBXFindInFile.js"
				},
				"TBXBookMark.js": {
					"type": "docfile",
					"def": "GearHud",
					"jaxId": "1G9HCQVCC0",
					"path": "ui/TBXBookMark.js"
				},
				"TBXLint.js": {
					"type": "docfile",
					"def": "GearHud",
					"jaxId": "1G9HCT4SI0",
					"path": "ui/TBXLint.js"
				},
				"TBXViewHTML.js": {
					"type": "docfile",
					"def": "GearHud",
					"jaxId": "1G9HD19OQ0",
					"path": "ui/TBXViewHTML.js"
				},
				"BoxFindFile.js": {
					"type": "docfile",
					"def": "GearButton",
					"jaxId": "1G9LCK1N20",
					"path": "ui/BoxFindFile.js"
				},
				"BoxFindLine.js": {
					"type": "docfile",
					"def": "GearButton",
					"jaxId": "1G9LDEL3T0",
					"path": "ui/BoxFindLine.js"
				},
				"DlgDocs.js": {
					"type": "docfile",
					"def": "GearBox",
					"jaxId": "1GBSD19800",
					"path": "ui/DlgDocs.js"
				},
				"DlgStart.js": {
					"type": "docfile",
					"def": "GearBox",
					"jaxId": "1GDI1RVQG0",
					"path": "ui/DlgStart.js"
				},
				"EditLocLine.js": {
					"type": "docfile",
					"def": "GearHud",
					"jaxId": "1GURHE9VJ0",
					"path": "ui/EditLocLine.js"
				},
				"DlgEditLocString.js": {
					"type": "docfile",
					"def": "GearHud",
					"jaxId": "1GUROU01U0",
					"path": "ui/DlgEditLocString.js"
				},
				"BtnAIChatMsg.js": {
					"type": "docfile",
					"def": "GearButton",
					"jaxId": "1H05H4GKA0",
					"path": "ui/BtnAIChatMsg.js"
				},
				"DlgNewPlayground.js": {
					"type": "docfile",
					"def": "GearBox",
					"jaxId": "1H0VIN5V70",
					"path": "ui/DlgNewPlayground.js"
				},
				"BoxAIAsset.js": {
					"type": "docfile",
					"def": "GearHud",
					"jaxId": "1JF31PNA30",
					"path": "ui/BoxAIAsset.js"
				}
			}
		},
		"docViews": {
			"jaxId": "1G9DJJEHQ3",
			"attrs": {
				"UIStudioi.js": {
					"type": "docfile",
					"def": "UIView",
					"jaxId": "1G9DJTQHM0",
					"path": "ui/UIStudioi.js"
				},
				"UIEdLit.js": {
					"type": "docfile",
					"def": "UIView",
					"jaxId": "1G9EINO550",
					"path": "ui/UIEdLit.js"
				},
				"UIEditMD.js": {
					"type": "docfile",
					"def": "UIView",
					"jaxId": "1GDK6DVVD0",
					"path": "ui/UIEditMD.js"
				},
				"UIEditVersion.js": {
					"type": "docfile",
					"def": "UIView",
					"jaxId": "1GDLSND480",
					"path": "ui/UIEditVersion.js"
				},
				"UIEditAI.js": {
					"type": "docfile",
					"def": "GearHud",
					"jaxId": "1H04Q8C9M0",
					"path": "ui/UIEditAI.js"
				},
				"DlgAICoder.js": {
					"type": "docfile",
					"def": "GearHud",
					"jaxId": "1HD3B4CR20",
					"path": "ui/DlgAICoder.js"
				},
				"DlgShare.js": {
					"type": "docfile",
					"def": "UIView",
					"jaxId": "1HH1HHL570",
					"path": "ui/DlgShare.js"
				},
				"UIComparePath.js": {
					"type": "docfile",
					"def": "UIView",
					"jaxId": "1IM07M1IM0",
					"path": "ui/UIComparePath.js"
				}
			}
		}
	},
	"externGearLibs": [
		"/@StdUI"
	],
	"preloadFiles": [
		"minidoc.css",
		"tabedit.css"
	]
}