{
	"version": "1.0.0",
	"libs": [
		"/@StdUI"
	],
	"preloads": [
		"/@StdUI/minidoc.css",
		"minidoc.css",
		"tabedit.css"
	],
	"fonts": null,
	"datas": {},
	"views": {},
	"gears": {
		"ToolView": {
			"name": "ToolView",
			"path": "ui/ToolView.js",
			"icon": "gears.svg",
			"showName": "Tool View",
			"catalog": ""
		},
		"ToolTabBtn": {
			"name": "ToolTabBtn",
			"path": "ui/ToolTabBtn.js",
			"icon": "gears.svg",
			"showName": "ToolTabBtn",
			"catalog": "Buttons"
		},
		"DocTabTrk": {
			"name": "DocTabTrk",
			"path": "ui/DocTabTrk.js",
			"icon": "gears.svg",
			"showName": "DocTabTrk",
			"catalog": "Views"
		}
	},
	"gearIndexes": {
		"Gear1G9E2UOKI0": {
			"path": "ui/ToolView.js"
		},
		"Gear1G9E42NEU0": {
			"path": "ui/ToolTabBtn.js",
			"expose": false
		},
		"Gear1G9E583100": {
			"path": "ui/DocTabBtn.js",
			"expose": false
		},
		"Gear1G9EHTP730": {
			"path": "ui/DocTabTrk.js",
			"expose": false
		},
		"Gear1G9EKS4E90": {
			"path": "ui/DocEditor.js",
			"expose": false
		},
		"Gear1G9G34DVP0": {
			"path": "ui/StateMsg.js",
			"expose": false
		},
		"Gear1G9HATHL00": {
			"path": "ui/TBXPath.js",
			"expose": false
		},
		"Gear1G9HB2K300": {
			"path": "ui/TBXCloud.js",
			"expose": false
		},
		"Gear1G9HB3FRN0": {
			"path": "ui/TBXFindInFile.js",
			"expose": false
		},
		"Gear1G9HCQVCC0": {
			"path": "ui/TBXBookMark.js",
			"expose": false
		},
		"Gear1G9HCT4SI0": {
			"path": "ui/TBXLint.js",
			"expose": false
		},
		"Gear1G9HD19OQ0": {
			"path": "ui/TBXViewHTML.js",
			"expose": false
		},
		"Gear1G9LCK1N20": {
			"path": "ui/BoxFindFile.js",
			"expose": false
		},
		"Gear1G9LDEL3T0": {
			"path": "ui/BoxFindLine.js",
			"expose": false
		},
		"Gear1GBSD19800": {
			"path": "ui/DlgDocs.js",
			"expose": false
		},
		"Gear1GDI1RVQG0": {
			"path": "ui/DlgStart.js",
			"expose": false
		},
		"Gear1GURHE9VJ0": {
			"path": "ui/EditLocLine.js",
			"expose": false
		},
		"Gear1GUROU01U0": {
			"path": "ui/DlgEditLocString.js",
			"expose": false
		},
		"Gear1H05H4GKA0": {
			"path": "ui/BtnAIChatMsg.js",
			"expose": false
		},
		"Gear1H0VIN5V70": {
			"path": "ui/DlgNewPlayground.js",
			"expose": false
		},
		"Gear1G9DJTQHM0": {
			"path": "ui/UIStudioi.js",
			"expose": false
		},
		"Gear1G9EINO550": {
			"path": "ui/UIEdLit.js",
			"expose": false
		},
		"Gear1GDK6DVVD0": {
			"path": "ui/UIEditMD.js",
			"expose": false
		},
		"Gear1GDLSND480": {
			"path": "ui/UIEditVersion.js",
			"expose": false
		},
		"Gear1H04Q8C9M0": {
			"path": "ui/UIEditAI.js",
			"expose": false
		},
		"Gear1HD3B4CR20": {
			"path": "ui/DlgAICoder.js",
			"expose": false
		},
		"Gear1HH1HHL570": {
			"path": "ui/DlgShare.js",
			"expose": false
		},
		"Gear1IM07M1IM0": {
			"path": "ui/UIComparePath.js",
			"expose": false
		}
	},
	"templates": {}
}