{
	"type": "object",
	"def": "EditPrj",
	"jaxId": "1GGJKJ3BS0",
	"attrs": {
		"docDatas": {
			"jaxId": "1GGJKJ3BS1",
			"attrs": {}
		},
		"docAIAgents": {
			"jaxId": "1HDBOSUQQ0",
			"attrs": {
				"agent.js": {
					"type": "docfile",
					"def": "DocAIAgent",
					"jaxId": "1HDBOSUN90",
					"path": "ai/agent.js"
				},
				"PrjSetupBySteps.js": {
					"type": "docfile",
					"def": "DocAIAgent",
					"jaxId": "1IJ2K5IBR0",
					"path": "ai/PrjSetupBySteps.js"
				},
				"ToolRunCommand.js": {
					"type": "docfile",
					"def": "DocAIAgent",
					"jaxId": "1IUIO756A0",
					"path": "ai/ToolRunCommand.js"
				},
				"AutoDeploy.js": {
					"type": "docfile",
					"def": "DocAIAgent",
					"jaxId": "1J0BHD5IP0",
					"path": "ai/AutoDeploy.js"
				},
				"agent2.js": {
					"type": "docfile",
					"def": "DocAIAgent",
					"jaxId": "1HDBOSUN90",
					"path": "ai/agent2.js"
				},
				"FindFunction.js": {
					"type": "docfile",
					"def": "DocAIAgent",
					"jaxId": "1J1V02CK70",
					"path": "ai/FindFunction.js"
				},
				"AutoAPI.js": {
					"type": "docfile",
					"def": "DocAIAgent",
					"jaxId": "1J3030O8J0",
					"path": "ai/AutoAPI.js"
				}
			}
		},
		"docGears": {
			"jaxId": "1GGJKJ3BS2",
			"attrs": {
				"BoxModelCard.js": {
					"type": "docfile",
					"def": "GearHud",
					"jaxId": "1J2OAIJ350",
					"path": "ui/BoxModelCard.js"
				},
				"BtnModelCard.js": {
					"type": "docfile",
					"def": "GearButton",
					"jaxId": "1J2NAC36L0",
					"path": "ui/BtnModelCard.js"
				},
				"BtnArticle.js": {
					"type": "docfile",
					"def": "GearButton",
					"jaxId": "1J2U0851Q0",
					"path": "ui/BtnArticle.js"
				},
				"BtnLink.js": {
					"type": "docfile",
					"def": "GearButton",
					"jaxId": "1J2U2D1IQ0",
					"path": "ui/BtnLink.js"
				}
			}
		},
		"docViews": {
			"jaxId": "1GGJKJ3BS3",
			"attrs": {
				"UIAdmin.js": {
					"type": "docfile",
					"def": "UIView",
					"jaxId": "1J2OUG1LD0",
					"path": "ui/UIAdmin.js"
				},
				"UIModelDetails.js": {
					"type": "docfile",
					"def": "UIView",
					"jaxId": "1J2OD445V0",
					"path": "ui/UIModelDetails.js"
				},
				"UIModels.js": {
					"type": "docfile",
					"def": "UIView",
					"jaxId": "1J2OJ9QB10",
					"path": "ui/UIModels.js"
				},
				"MainUI.js": {
					"type": "docfile",
					"def": "UIView",
					"jaxId": "1GGJKM84D0",
					"path": "ui/MainUI.js"
				}
			}
		}
	},
	"externGearLibs": [
		"/@StdUI",
		"/@aichat"
	],
	"preloadFiles": []
}