{
	"imports": {},
	"toolExport": [
		{
			"type": "ChatApp",
			"chatEntry": "Tool",
			"filePath": "./app.html",
			"name": {
				"EN": "AI Frontier",
				"CN": "AI Frontier"
			},
			"description": {
				"EN": "Find, delopy and use newest AI models as agents.",
				"CN": "发现、部署最新的AI模型，并作为智能体使用。"
			},
			"icon": "/@AutoDeploy/assets/aifrontier.svg",
			"package": "AutoDeploy",
			"group": "Tools"
		},
		{
			"type": "Agent",
			"filePath": "./ai/AutoDeploy.js",
			"package": "auto_deploy"
		}
	],
	"syncDir": {
		"name": "",
		"dirs": [
			{
				"target": "AGENTS/AutoDeploy",
				"dir": "ai",
				"ignore": [
					"prj",
					".idea",
					"projects"
				]
			}
		],
		"missing": "delete"
	},
	"libExport": [
		{
			"name": "AutoDeploy",
			"main": "app.html",
			"path": ""
		}
	],
	"cloudId": "AutoDeply@avdpro@me.com",
	"versionIdx": 3,
	"version": "0.0.1",
	"name": "AutoDeploy",
	"main": "app.html",
	"lib": {},
	"bin": {}
}