{
	"version": "1.0.0",
	"libs": [
		"/@StdUI",
		"/@aichat"
	],
	"preloads": [
		"/@StdUI/minidoc.css",
		"/@aichat/minidoc.css"
	],
	"fonts": null,
	"datas": {},
	"views": {},
	"gears": {
		"BoxModelCard": {
			"name": "BoxModelCard",
			"path": "ui/BoxModelCard.js",
			"icon": "gears.svg",
			"showName": "BoxModelCard",
			"catalog": ""
		},
		"BtnModelCard": {
			"name": "BtnModelCard",
			"path": "ui/BtnModelCard.js",
			"icon": "gears.svg",
			"showName": "BtnModelCard",
			"catalog": ""
		},
		"BtnArticle": {
			"name": "BtnArticle",
			"path": "ui/BtnArticle.js",
			"icon": "gears.svg",
			"showName": "BtnArticle",
			"catalog": ""
		},
		"BtnLink": {
			"name": "BtnLink",
			"path": "ui/BtnLink.js",
			"icon": "gears.svg",
			"showName": "BtnLink",
			"catalog": ""
		},
		"UIAdmin": {
			"name": "UIAdmin",
			"path": "ui/UIAdmin.js",
			"icon": "gears.svg",
			"showName": "UIAdmin",
			"catalog": ""
		},
		"UIModelDetails": {
			"name": "UIModelDetails",
			"path": "ui/UIModelDetails.js",
			"icon": "gears.svg",
			"showName": "UIModelDetails",
			"catalog": ""
		},
		"UIModels": {
			"name": "UIModels",
			"path": "ui/UIModels.js",
			"icon": "gears.svg",
			"showName": "UIModels",
			"catalog": ""
		}
	},
	"gearIndexes": {
		"Gear1J2OAIJ350": {
			"path": "ui/BoxModelCard.js"
		},
		"Gear1J2NAC36L0": {
			"path": "ui/BtnModelCard.js",
			"expose": false
		},
		"Gear1J2U0851Q0": {
			"path": "ui/BtnArticle.js",
			"expose": false
		},
		"Gear1J2U2D1IQ0": {
			"path": "ui/BtnLink.js",
			"expose": false
		},
		"Gear1J2OUG1LD0": {
			"path": "ui/UIAdmin.js",
			"expose": false
		},
		"Gear1J2OD445V0": {
			"path": "ui/UIModelDetails.js",
			"expose": false
		},
		"Gear1J2OJ9QB10": {
			"path": "ui/UIModels.js",
			"expose": false
		},
		"Gear1GGJKM84D0": {
			"path": "ui/MainUI.js",
			"expose": false
		}
	},
	"templates": {}
}