{
	"libExport": [
		{
			"name": "tabos",
			"main": "tabos.js",
			"path": ""
		},
		{
			"name": "base64",
			"main": "utils/base64.js",
			"path": "utils"
		},
		{
			"name": "base64-js",
			"main": "utils/base64-js.js",
			"path": "utils"
		},
		{
			"name": "buffer",
			"main": "utils/buffer.js",
			"path": "utils"
		},
		{
			"name": "crypto",
			"main": "utils/crypto.js",
			"path": "utils"
		},
		{
			"name": "events",
			"main": "utils/events.js",
			"path": "utils"
		},
		{
			"name": "fs",
			"main": "utils/fs.js",
			"path": "utils"
		},
		{
			"name": "ieee754",
			"main": "utils/ieee754.js",
			"path": "utils"
		},
		{
			"name": "inherits",
			"main": "utils/inherits.js",
			"path": "utils"
		},
		{
			"name": "path",
			"main": "utils/path.js",
			"path": "utils"
		},
		{
			"name": "stream",
			"main": "utils/stream.js",
			"path": "utils"
		},
		{
			"name": "string_decoder",
			"main": "string_decoder/string_decoder.js",
			"path": "string_decoder"
		},
		{
			"name": "process",
			"main": "utils/process.js",
			"path": "utils"
		},
		{
			"name": "node",
			"main": "utils/node.js",
			"path": "utils"
		},
		{
			"name": "pako",
			"main": "utils/pako.min.js",
			"path": "utils"
		}
	],
	"cloudId": "tabos@avdpro@me.com",
	"versionIdx": 214,
	"version": "0.0.9",
	"name": "tabos",
	"main": "tabos.js",
	"imports": {},
	"lib": {},
	"bin": {}
}