{
	"cloudId": "user@avdpro@me.com",
	"versionIdx": 27,
	"version": "0.0.2",
	"name": "user",
	"main": "app.html",
	"libExport": [
		{
			"name": "user",
			"main": "app.html",
			"path": ""
		}
	],
	"toolExport": [
		{
			"filePath": "./toolmart.html",
			"type": "App",
			"metaName": "ToolMart@user",
			"name": {
				"EN": "Tool Mart",
				"CN": "工具市场"
			},
			"description": {
				"EN": "Find and install Tool, App, AI Agent and develop API from community cloud.",
				"CN": "在社区云上发现安装各种工具、App、AI智能体和开发API。"
			},
			"icon": "lab.svg",
			"package": "user",
			"appFrameW": 800,
			"appFrameH": 600,
			"group": "Tools"
		}
	],
	"imports": {},
	"lib": {},
	"bin": {}
}