{
	"time": 1695109156045,
	"docs": {
		"tabos.md": "\"Tab-OS: A Virtual OS in the Browser for Creative Development\"",
		"tabos_ide.md": "Overview of Tab-OS IDE: A universal code editor with a WYSIWYG UI editor, data binding and mock-up functionality, UI faces for dynamic appearances, component reusability, component library, and cross-platform/framework independence.",
		"tabos_roadmap.md": "\"Tab-OS Roadmap: Dark mode, mobile support, server integration, IDE enhancements, UI editor, collaboration, file syncing, terminal improvements, new apps and tools\""
	}
}