{
	"lib": {
		"markdownit": {
			"tags": {
				"v1": {
					"disks": [],
					"packages": [],
					"versionIdx": 11
				}
			}
		},
		"cokecmds": {
			"tags": {
				"v1": {
					"disks": [],
					"packages": [],
					"versionIdx": 77
				}
			}
		},
		"disk": {
			"tags": {
				"v1": {
					"disks": [],
					"packages": [],
					"versionIdx": 74
				}
			}
		},
		"pkg": {
			"tags": {
				"v3": {
					"disks": [],
					"packages": [],
					"versionIdx": 99
				}
			}
		},
		"cloud": {
			"tags": {
				"v1": {
					"disks": [],
					"packages": [],
					"versionIdx": 20
				}
			}
		},
		"cmdargs": {
			"tags": {
				"v2": {
					"disks": [],
					"packages": [],
					"versionIdx": 4
				}
			}
		},
		"zippath": {
			"tags": {
				"v1": {
					"disks": [],
					"packages": [],
					"versionIdx": 36
				}
			}
		},
		"codemirror": {
			"tags": {
				"v1": {
					"disks": [],
					"packages": [],
					"versionIdx": 17
				}
			}
		},
		"vfact": {
			"tags": {
				"V1": {
					"disks": [],
					"packages": [],
					"versionIdx": 238
				}
			}
		},
		"codeLint": {
			"tags": {
				"v1": {
					"disks": [],
					"packages": [],
					"versionIdx": 2
				}
			}
		},
		"qrcode": {
			"tags": {
				"V1": {
					"disks": [],
					"packages": [],
					"versionIdx": 4
				}
			}
		}
	},
	"bin": {},
	"version": "0.0.11",
	"versionIdx": 370
}