{
	"tools": [
		{
			"filePath": "/~/-user/toolmart.html",
			"type": "App",
			"metaName": "ToolMart@user",
			"name": {
				"EN": "Tool Mart",
				"CN": "工具市场"
			},
			"description": {
				"EN": "Find and install Tool, App, AI Agent and develop API from community cloud.",
				"CN": "在社区云上发现安装各种工具、App、AI智能体和开发API。"
			},
			"icon": "lab.svg",
			"package": "user",
			"appFrameW": 800,
			"appFrameH": 600,
			"group": "Tools",
			"enable": true
		},
		{
			"type": "ChatApp",
			"chatEntry": "Tool",
			"filePath": "/~/-AutoDeploy/app.html",
			"name": {
				"EN": "AI Frontier",
				"CN": "AI Frontier"
			},
			"description": {
				"EN": "Find, delopy and use newest AI models as agents.",
				"CN": "发现、部署最新的AI模型，并作为智能体使用。"
			},
			"icon": "/@AutoDeploy/assets/aifrontier.svg",
			"package": "AutoDeploy",
			"group": "Tools",
			"enable": true
		},
		{
			"type": "Agent",
			"filePath": "/~/-AutoDeploy/ai/AutoDeploy.js",
			"package": "auto_deploy",
			"enable": true
		}
	],
	"groups": [
		{
			"codeName": "Tools",
			"name": "Tools",
			"tools": [
				"/~/-user/toolmart.html",
				"/~/-AutoDeploy/app.html"
			]
		}
	]
}